id,plain_text
31789,"Monday Nite Footballers Predictions By Jim “Grand Dad” Nunnelly Predicting Since 1970 Hank Stram, Enlarging Our Territory Hank Stram was the first head coach of the Kansas City Chiefs. Only those of us over 50 will remember the days when Kansas City was part of the old American Football League. This was the early sixties, when the predominant National Football League touted franchises. . . like the Chicago Bears, San Francisco Forty-Niners, and the Washington Redskins. And Hank Stram and others had the task of competing with and enlarging the territory of the fragile but willing League. And enlarge they did. And Hank Stram, under the guidance of Lamar Hunt, brought Kansas City up from nowhere into the big leagues. Before merging, the AFL actually had to outbid and outwit the more formidable NFL. More important, they also had to outplay them, as well. And that’s where Hank Stram came in. With smaller, lesser-known players, Hank had to be an innovator. With a small, frail quarterback like Len Dawson, Stram implemented a “moving pocket”. That allowed the bigger, faster offensive linemen to outmaneuver the slower, meaner defensive linemen. And that would lead to a more fan-friendly game. While Hank was a master at coaching, he knew how to motivate the newly-found, small-college athletes. Especially the young athletes from Grambling, Southern, and Texas Southern. And it is here where he will be most remembered by folks of color. Never was there any kind of racial uprising or unfair play on any of Stram’s teams. He just didn’t tolerate it and he made everybody feel included. More important, he treated them fairly at the pocketbook level, as well. Many came poor and left well-paid, especially in their later years. In conclusion, Hank Stram was more than innovation to this new-f league. He was more than a coach, who coined phrases like “matriculating down the field”. Since Stram was in charge, we have not been near a Super Bowl. But he was right up there with Branch Rickey, who cleared the path for Jackie Robinson to play major league baseball. With the same level of commitment, Stram cleared the “economic path” for these young unheard-of athletes, to make a lot of money. Simple as that. He did enlarge our territory. Thanks, Hank."
338164,"Monday Niters Chatter, Conversation and Commentary Super Bowl 42, No Competition February is Black History Month. It’s also the month when 22 states will decide its presidential preference. Of lesser importance, it is also the birthday month of our nation’s founding president, George Washington. And for lovers, the month houses Valentine’s Day. But all this will not hold a candle to Super Bowl 42, featuring the undefeated-going-perfect New England Patriots against the never-quitting New York Giants. But, the game is only a small part. People will be talking about the million-dollar commercials. Already, one sponsor has set aside 16 million to be first in the commercial queue. Add to that the multi-million dollar half-time show (people are still talking about the Janet Jackson fiasco). And most of all, folks are lining the pockets of the Las Vegas casinos. . . rying to pick a for-sure winner. Right now, New England has the edge and everybody is talking about the Brady to Toomer nexus. But what about Little, less-famous brother Eli Manning. Now, that is the real story of this Super Bowl. For nearly ten years, everybody has been talking about Big Brother, Priceless Peyton. And for the record, he was supposed to lead the Colts into Phoenix. Instead, it was Eli who is going to the Big Ball. There is hope for us all. Which brings me to my real message about the Monday Nite Footballers Group. As we all elderize, we can go back to Super Bowl One and Four and any other. We saw Doug Williams set a Super Bowl record for most touchdowns scored in a Super Bowl. We’ve even witnessed running backs like Terrell Davis gallop from one end of the stadium to the other. We’ve known Kansas Citians, like Ralph Brown, who always went to the Super Bowl. And finally, we remembered way back when the Chiefs were in the Super Bowl. I believe it was against Minnesota. I believe it was Otis Taylor who starred that day. He made a little kick going into the end zone. Pardon us for not being sure about all the details. . . for it has been 39 years since the Chiefs were there. Hint. Hint. Do you hear us, Peterson and Edwards?"
118025,"Kerry Washington, The Golden Rule And The 9-2 Chiefs Long before Kerry Washington became “a Thursday night must-see”, she starred along side Jamie Foxx in the 2004 major flick, “Ray”. In fact, she played Ray Charles’ wife and stood firm and steady, all through Ray Charles’ ups and downs and yes, even a nasty heroin addiction. We all knew then that Kerry would rise to the top, especially since she possesses the ability to use “all of her” in her acting craft. Eyes. Nose, Forehead. Eyebrows.Facial creases. This woman exudes totality and entirety. Everything about her makes the scene advance. When acting, Kerry rules. Speaking of rules, let’s talk a minute about the Golden Rule. While many think this is a biblical expression, it really came along, long before Christianity. It simply says “do unto others as you would have them do unto you”. Well, the Chiefs will have a chance to do just that against Denver this Sunday. Beaten badly in the “mile-high” city two weeks ago, the Broncos will come riding into Arrowhead, after a horse-whipping from the New England Patriots last Sunday. Yes, Denver jumped out to a 24-0 lead, only to fall to the “totally magic arm” of Tom Brady. Eventually, the Patriots prevailed with a record-breaking comeback, in the second half. The first half, all Denver. The second half, it was all New England. That brings us to the Chiefs and Denver. Both teams are vying for the AFC West and a guarantee of home-field advantage in the playoffs. And really, it’s much more. Kansas City has to prove that it can “hang” with the best teams, a second time. Against San Diego, the offense finally showed up and the defense went to sleep. Jamaal Charles ran like crazy, while Hali and Houston fell to injuries. And more important, “AWOL Alex” Smith threw for nearly 300 yards. Where in the hell have you been, Alex? Bottom line, the Chiefs will need everything and everybody to beat Denver, especially since Denver was” totally embarrassed” before God and country. Like Kerry Washington, the Chiefs will need to express themselves, just like Smith finally did. Otherwise, the Kansas City fans will consider it a “scandal” and turn the tv off, reminding us of the days-gone-by when they lost all the time. Ahhhh. An idea. Let’s call in Olivia Pope and see if she can fix this scandal or do something to make it right. No, not just yet. Let’s give the Chiefs one more chance, to put together a complete game, where the offense moves the ball and the defense rides the bucking Broncos. Faith. Faith. Faith. Just a little more faith. And a lot of the Golden Rule. Dr. Charles Allen: It’s a “must-win”. Chiefs by 10. Mrs. Mila Lewis Banks: Chiefs lost their best tacklers. Denver by 7. Paul Booker: K.C’s defense is no longer enthusiastic. Denver by 14 Carl Clark: Alex Smith has been exposed. Denver by 7. Bubba Cleaver: These are troubling times in the kingdom. Denver by 10. Ike Gardner: Defense is nonexistent without Hali and Houston. Denver by 20. Lloyd Greenfield: It’ll be a struggle, but K.C. will prevail. Chiefs by 3. Ollie Hubbard: Do unto others as they HAVE done unto you. Chiefs by 6. Jim Nunnelly: K.C. will employ Kerry-Washington-like totality. Chiefs by 6. Ed West: KC has too many defensive injuries. Denver by 10."
303577,"Monday Niters By Jim “Granddad” Nunnelly Well, we all know that the Chiefs are still losing. But, so is Oakland, the Chiefs’ next Arrowhead opponent. And, we all know about the 40 year rivalry between the two teams. And we also know that, at one time, these AFC stalwarts were competitive and even Super Bowl entrants. But, like a lot of things, each of these two historical giants have fallen on “hard times”. Neither is expected to do much at all, in 2008. Like last year and the year before that. In fact, these conference siblings are in a shaky state of re-building i.e. they will lose every game they play. Thus, the game out at Arrowhead will be “a battle of the behinders”. To mark such a sad occasion, I have changed the names of the teams, to reflect how even they are. . . in their likelihood to lose. From now on, these two teams are called the Kansas City Raiders and the Oakland Chiefs. That’s because they are both losers and they will continue doing “hard times of 2008”. Enough said. Allow me tell you a little about each one of the Monday Nite Footballers Group. . . one by one. . . with their predictions for Sunday. DR. CHARLES ALLEN (Kansas City) -- A dentist by profession. . . known for his painless procedures and his professional office staff. . a Kappa by fraternity.... an extraordinary grandfather. . . believes Kansas City will win by touchdown because the Chiefs will play better at home. PAUL BOOKER..(Oakland). . . retired educator...was a specialist in assisting needy students...hails from the Bootheel. . . watches ESPN everyday...good with figures...self-appointed liquor inspector...fantastic grandfather. . . believes Oakland will win by 10 because of the pitiful Chiefs’ pitiful offensive line. CARL CLARK (Kansas City). . . retired journeyman at Colgate...car enthusiast. world traveler...socially aware and respected. . . effective grandfather....daily visitor to 69th and Prospect. . . believes Kansas City will win by a touchdown, even though neither team is worthy of winning. BUBBA CLEAVER.(Kansas City). . . nationally-acclaimed elected official and minister. . . former Mayor and now United States Congressman. . .studious and thoughtful to a fault.. . . can remember thousands of people and their exact conversations. . . a proud grandfather. . . believes Kansas City will win by 10 because the Oakland Raiders don’t “raid” any more. IKE GARDNER..(Oakland). . . fearless pragmatist. . . attends St. James and sits near the back on the aisle. . .a steadfast grandfather. . . cantankerous as hell. . . has seats on the 50 yard line at Arrowhead. . . was a key player in the early days of desegregation of schools. . .believes Kansas City by 3 because there is no chance for Oakland to win. LLOYD GREENFIELD (Kansas City). . . a retired firefighter turned real estate enthusiast. . . owns hundreds of model cars...has a motorcycle. . . has starred in many theatrical events. . . clear-headed and respected. . . stays in contact with his old high school class..believes the Chiefs will win by 3 but it will be on a “wing and a prayer”. OLLIE HUBBARD (Oakland). . . Loves and is married to Lincoln university. . . been known to lie about everything. . . knows everybody in Kansas City...formerly a vice principal, now retired....loves to prepare food for his friends so that he can eat the most.....a remarkable grandfather....thinks the Kansas City-Oakland game will be a toss-up but Chiefs could win by 14. JIM NUNNELLY..(Kansas City). . .has consulted with over 200 organizations nationwide....instrumental in building anddeveloping the Rodgers Health Center. . . .a relentless advocate for teenagers. . . a complete grandfather.......works at Jackson County. . . believes the Chiefs and the Raiders are the two worst teams in the NFL but come Sunday, the Chiefs will deploy a “Midwest Coast Defense” and win by 3. ED WEST....(Kansas City). . . a gadgetician. . . can construct or repair any computer...has a huge big screen tv. . .a substitute teacher in Raytown....was All-America at Pittsburg State. . .devout member of St. James. . . an encouraging grandfather...believes Kansas City will win by a touchdown because he “just a Raider-hater”"
116033,"Flip Wilson, Old Sayings And The 11-4 Chiefs You all remember Flip Wilson. He had his own television show, way back in the sixties. In fact, he was one of the first African American comedians to have a major white following. Most people will remember him as “Geraldine”, a cross-dressed character he created for the show. Everyone like ol’ Flip and he sure did a lot to reduce racial tensions, nationwide. Everyone waited for and watched Flip Wilson do his thing on Sunday evenings. Speaking of doing things, the Chiefs failed to win, out at Arrowhead this last Sunday. But don’t fret too much because they will be still be playing after they play Sunday against the Chargers.. That simply means they have played well enough and won enough games to “qualify” for the Super Bowl chase. However, two things. They have to win to stay in the mix. And secondly, they have to play on the road. Now, remember when the Chiefs won the Super Bowl after the 1969 season, they were in the same position. They were a wild card entry, which means they can pursue the Super Bowl….but they have to play on the road. If you want to know more about the only Super Bowl the Chiefs have played in, just ask Ike Gardner. He is still mad because the Chiefs have never regained the respect they once had, when they won the “big game” against the Joe Kapp and the Minnesota Vikings. Speaking of Ike and his cantankerous ways, I owe him somewhat of an apology. You will remember last week, I talked about how Ike had consistently beat up on the Chiefs. In spite of them winning eleven games this year, he still insists they are a mediocre team at best. Truthfully, they are much more than they were last year. But last Sunday against Indianapolis , they stunk. I mean less than mediocre. After the first series touchdown, the Chiefs went downhill, the rest of the game. Thatcaused national commentators to talk badly about the Chiefs, as well. They say that the Chiefs can’t win against teams with winning tradition and records. That sounds like what Ike has been saying. Really, I don’t mind what Ike says. I just don’t like the way he says it. There’s no love or loyalty in his cantankerous comments. He sounds so disloyal. Unlike other Monday Niters like Dr. Allen, Paul Booker, Carl Clark, Bubba Cleaver, Lloyd Greenfield, Ollie Hubbard and Ed West, Ike just blatantly “tells it like it is”. And readers everywhere just are appalled at his non-support of the home team. But another old saying may apply. “It is what it is”. The Chiefs are shaky some days. But some days, they show great promise, especially among players like Derrick Johnson and Jamaal Charles and even Tamba Hali. Another old saying is that “you can’t make a silk purse out of a pig’s ear”. That means you have to accept what the Chiefs are and they are a good team…but not a great team like New England or Denver or New Orleans or even Seattle. Ike would say the Chiefs will not make it through the first round in the playoffs. But they made it this far and they will be trying to advance. And they will be on tv, when most teams will be watching. Getting back to tv, we started out talking about Flip Wilson having his own tv show, way back when. And like all of our favorite shows, something is said that sticks with us all of our life. And it just may well wrap up this conversation about the Chiefs. Old Flip used to say somewhere during every telecast. What You See Is What You Get” And that my friends describes our Kansas City Chiefs. So Ike needs to call on Flip to help him state his disdain, more appropriately."
11262,"Monday Nite Footballers Predictions By Jim “Grand Dad” Nunnelly Predicting Since 1970 Charles Allen (9) Chiefs by 3 Chiefs will take a bite out of Bengals Paul Booker (5) Cincinnati by 14 Chiefs not ready for the big show! Bubba Cleaver (8) Lloyd Greenfield (9) Chiefs by 3 All is well that ends well Kansas City Chiefs vs. Cincinatti Bengals 12:00 p.m. KCTV 5 “Forks In The Road” Obviously, this game is it! The Chiefs have come to the fork in the road…either they win or we will all turn our attention and support to Tony Dungy (Indianapolis) and Marvin Lewis (Cincinnati). But if Detroit should happen to beat Pittsburg and Denver wipes out San Diego and the Chiefs beat up on Cincinnati…. then, the Chiefs will make the playoffs. Folks, it is that simple. And complicating matters is the hovering speculation that Vermeil will retire…one way or the other. Clearly, Vermeil is at the fork in the road, too. Win and stay in! Lose and sign up for Medicare! Folks, it is that simple. And we, Monday Niters, are facing another kind fork in the road. Monday Night Football, as we know it, is over. ABC will no longer broadcast the perennial ratings-winner. In fact, we all said our goodbyes to Al Michaels and John Madden and reminisced about all the history-making plays witnessed on Monday night television, everywhere. In 1970, we were all younger, quicker, and immature. Now we are older, slower and fall asleep, with no warning. It takes us longer to do EVERYTHING, including selecting our teams. Some of us even have to ask “who’s playing”. The fork in the road for us is that we are just getting old and things are changing, with or without our support. But some things will never change….Ike, Ollie and that Booker will always be haters of the Chiefs. Cleaver, Carl, and Ed West will go with the wind. And faithful, fine people like Lloyd Greenfield and imminent Dr. Allen, will always support the Chiefs, just like on New Year’s Day against North Division champions, Cincinnati. We know the Chiefs will win by at least ten and Vermeil stays in. We never have been at that fork in the road! Like each of you, we will have to switch the channel over to ESPN and carry on as usual. Booker, Ollie and Ike will continue to hate the Chiefs. And Ed, Carl and Cleaver will switch up, every now and then. And Dr. Charles Allen, Lloyd Greenfield and I will always support the Chiefs. Wisely, we don’t have to face a fork in the road. We know the way, just like we have always done. And just for the record, we will be looking for the Chiefs to win on New Year’s Day, out at Arrowhead. Chiefs by 10 and Vermeil will be back, again! Carl Clark (8) Chiefs by 7 Chiefs not ready for the fat lady to sing! opportunity! Ike Gardner (8) Cincinnati by 8 Forget season, focus on next year’s draft Chiefs have to save face! Ollie Hubbard (3) Cincinnati by 6 Cincinnati has improved, in every way Jim Nunnelly (9) Chiefs by 10 Johnson, Kennison bash Bengals Ed West (5) Chiefs by 7 Game is meaningless to Cincinnati Eric Wesson (KC CALL) (5) Chiefs by 1 Bipolar Chiefs come through, hopefully"
284687,"Super Bowl XLIII: Arm Vs. Hammer Amid all the opulent commercials, the teams on the field were not expected to be in Tampa Sunday. Oh yea, all of you AFC fans ere thinking that New England would rise again. And those New Yorkers thought that the Giants would represent the NFC and return to the most luxurious Sunday of the year. And some of you thought that Tony Dungy would re-take his Colts, before he retired with his best-selling book proceeds. Well, we were all wrong and we now have (Mike) Tomlin and the Steelers versus Kurt Warner and the Cardinals. And the only thing they have in common is that neither was supposed to be in Super Bowl 43. Pittsburgh, under its black, second-year coach, has come to be known for its awesome defense. And according to Cleaver, Ike, Carl, and Lloyd, Pittsburgh will slaughter Arizona. But, some of us will remember Kurt Warner, who conducted the “Greatest Show On Turf”. He was the pass-happy quarterback under the (Dick) Vermeil-led St. Louis Rams (who went on to the Super Bowl). So it will an “Arm and Hammer” game that will keep us glued to our big screens, at least until the multi-million-dollar commercials begin. Laugh of the Day: Chiefs will be in Super Bowl 44, after going undefeated in 2009. And Carl Peterson will be the General Manager of the opposing NFC team and guess who will be the Head Coach?.. Ha Ha Ha! Charles Allen: Pittsburgh by 14. Experience, experience, experience! Paul Booker: Pittsburgh by 14. I’m black and biased...Tomlin goes all the way! Carl Clark: Pittsburgh by 7. Defense will win this game! Bubba Cleaver: Pittsburgh by 14. Arizona is the biggest fluke in NFL history! Ike Gardner: Pittsburgh by 7. Too much defense! Lloyd Greenfield: Pittsburgh by 7. Steelers will steal it! Ollie Hubbard: Pittsburgh by 7. Ain’t no mountain high enough! Ed West: Pittsburgh by 10. Remember, I went to Pittsburgh. Tracy Allen: Pittsburgh by 7. Steeler’s “steel” will contain Fitzgerald, Warner Eric Wesson: Pittsburgh by 17. It is a great time to be black in America! Donna Stewart (publisher): Arizona by 7."
301929,"The winning ways of the Chiefs are gone forever....like home-made pies, real mashed potatoes, pan-fried chicken, John Agnos pig-ear sandwiches, the Birdland, 20-mens Club, Frank’s Place etc. While we may be melancholy about them, they are not coming back. Our grandchildren will just have to take our word for it. DR. CHARLES ALLEN: Possesses a surreal optimism about the Chiefs. . ..his grandson Robert is a free safety at Grandview Middle...Robert has been with Charles and Beverly since he was 14 months old.believes Kansas City will beat Denver by 14. (Wake up Dr. Allen, have you been to the 6902?) PAUL BOOKER: Probably the least controversial of all the Monday Nite Footballers...pleasant style. . . serves a buffet of fine choices...brags all the time about his granddaughter Ashley, who is starting point guard at Penn Valley. . .thinks Denver will show no mercy, Sunday...Denver by 14. CARL CLARK: Has the distinction of having both his grandchildren named in his honor, Carl III and Carlynn. . . owns a slick Corvette. . . just elected chairman of the 6902 Board of Directors. . . believes the Chiefs will not win another game...Denver by14. BUBBA CLEAVER: will present at the national Congressional Black Caucus on foreclosures. . . talks often to his grandchildren by phone. . . they don’t care about his community standing. . . has over a thousand eight-track tapes. . . nicknamed the stadium Arrowhead United Methodist Church. . . thinks the Chiefs are a cinch to lose again. Bubba will leave on Sunday to visit the Missouri National Guard troops in Kosovo, Yugoslavia. Denver by 14 IKE GARDNER: Once put a “no visitors” sign on his hospital-room door...has the personality of an injured wolverine. . . once volunteered for his teacher-daughter Tia. . . takes his nine-year-old grandson Isaiah to 35 Chiefs football games. . . the only dog he ever owned ran away, seeking asylum at Wayside Waifs. . . will have a BIG Birthday on September 26. . . believes the Chiefs are no opposition for Denver...Broncos by 35. LLOYD GREENFIELD: Is responsible for assuring that all Monday Niters receive an annual dose of culture by arranging to attend a play in the area. . . is new in the “grandfather” role for his seven-month-old granddaughter, Geneva. . . wants to provide her with a good foundation because he never had one. . . is considering wearing a toupee. . . bald or not, believes Chiefs have too many internal problems to win. . . Denver by 14 1/2. OLLIE HUBBARD: Is one of the best fish-cooks in the Kansas City area. . .has cooked many a fish and made a lot of chili raising funds for Lincoln University . . . rescued his now wife from one of the largest cities in Missouri, Macon. . . has more out of town visitors than the entire hotel industry. . . loves to go to Mount Pleasant, Texas. . . believes the Broncos will kill the Chiefs. Denver by 35. JIM NUNNELLY: All four of his grandchildren are named in his honor....grandson Chris now attending Missouri Western at St. Joseph. . .hails from Columbia, Missouri. . .featured in Ebony magazine in 1975. . .can be seen at Gates, Niecies, Peachtree, M and M Bakery all the time. . . wife, Janice never cooks. . . will one day write a book about these Monday Nite Footballers. . .moans for the “good ol’ days”. . .they are never coming back. . .no Dante Hall, no victory...Denver by 28. ED WEST: Has two adolescent granddaughters in California. . .son Damon was the music producer for “Dreamgirls”. . . had a strong influence on his son’s career by enrolling him in Christian School. . ..can fix anything electronic. . . was the audio engineer at St. James. . . wife, Celeste is an advocate for alternative school students. . . believes the defense will be Cutlerized. Denver by 20."
248558,"LLOYD GREENFIELD I was a firefighter in this community for over 30 years. I have seen men and women perform under the worst of disasters. Thus, knowing about courage and skill is something I have come to expect from every professional, especially those in such high-paid, visible sports professions. Which brings me to my commentary about our sinking Kansas City Chiefs. Something is definitely wrong with our team, y’all! Maybe it’s the management who seems to say it is “my way or the highway”. Or maybe it is the offensive line, who continually allow the quarterback and running backs no opportunity at all. I know for sure that the top management is the “weakest link”. As a firefighter, the chiefs always encouraged, inspired, and supported all of us who were on the frontline. Not a day went by when we knew we were on the “same team”. But that is not happening with our Chiefs and the result is a winless season for the Chiefs, joining St. Louis , Tennessee , and Tampa Bay . But after seeing the game against Dallas , there is some hope, especially among the defensive players. While I haven’t given up, I do believe they will lose again on Sunday against Washington. Where is the development plan? Dr. Charles Allen Chiefs by 10 Redemption! Paul Booker Redskins by 13 Eleven good street people desperately needed. Carl Clark Redskins by 10 Redskins scalp the Chiefs Bubba Cleaver Redskins by 3 Chiefs MIGHT win! Ike Gardner Redskins by 13 Too many Indians not enough Chiefs Lloyd Greenfield Redskins by 7 The sinking Chiefs! Ollie Hubbard Redskins by 7 More booty kicked Jim Nunnelly Chiefs by 3 Chiefs running game emerges Ed West Chiefs by 1 They gotta win SOMETIMES! Eric L. Wesson Washington by 1 Washington may be just as big of bums as the Chiefs “The Sports Guy”"
295120,"Monday Niters Man, it was so hard to talk about the Kansas City Chiefs in serious manner. In fact, Ed West recognized that the Chiefs played better. And Carl Clark and Ike Gardner actually praised Thigpen, the last of the rotating Chiefs’ quarterbacks. The Tennessee Titans (8-0) are for real as the only undefeated team in the NFL. Worth noting is that the AFC West is the weakest conference in the NFL, having no team with a winning record. What’s more is that our Chiefs have the worst record in the worst division. Now, what a distinction! Well, we then turned our attention to hoping that (Barack) Obama will become the next President of the United States. We, as African Americans, will no longer have a color-fence to hide behind. We can savor and elongate this important event, by achieving unprecedented excellence in everything we attempt. With that, here are our predictions for the next week. Dr. Charles Allen. . . He’s speechless behind these Chiefs. . . Charles always votes for the Chiefs. . . even though most of us believe he is loyal to a fault. . . Chiefs by 3 Paul Booker. . . He thinks L.T., San Diego’s running back, will run up and down the field on the Chiefs. . . Chargers by 13 Carl Clark. . . attended Mary Helen Parker’s surprise birthday party last week. . .he thinks the Chiefs cannot survive another attack. . . Chargers by 7 Bubba Cleaver. . . is campaigning hard for Obama. . .is being helpful for those faced with foreclosure issues...did foreclose on the Chiefs. . . San Diego by 10 Ike Gardner. . . Ike is kinda subdued these days. . . he is nicer than he has ever been. . . not sure what’s up...but he still knows the Chiefs cannot win. . . and believes they will find another way to lose. . . Chargers by 21 Lloyd Greenfield. . . Loyal Lloyd is being loyal again...he believes if the Chiefs try, he will try to support them...Chargers by 3 Ollie Hubbard. . . wife, Sandra and he have been helpful to planning community events, especially for Lincoln university. . . not that supportive of the Chiefs. . . Chargers by 30 Jim Nunnelly. . . His mind is stayed on Obama. . . thanks everyone who engineered his retirement party, where 350 persons attended last Friday. . . he doesn’t believe the Chiefs are retired, quite yet. Look for Smith, Charles and Bowe to show out. . . Chiefs by 3 Ed West. . . A staunch Obama supporter. . . an avid Cleaver fan. . . but not Herm Edwards...thinks Herm has too many rookies out there and lightning will again strike them. . . Chargers by 20"
121811,"Carl Clark, More Opinions And The Chiefs Carl Clark was in the Navy and travelled extensively. That introduction to the world has netted him many friends and benefits. In fact, he earned the nickname “Sweet Pea” because he is generally a likeable guy. Because of that, he is well known across the metropolitan area, especially in social circles. He is the “grand-master of the 6902 Club” and has served as president of the prestigious Ivanhoe Club. But, his real passion is the safety of children. You can see him any day at Fifty First and Main, caring for the children who have to cross the street to Visitation Catholic school. For doing such a good job and being well-liked, he is known as the “priest of safety”. Since 1995, he has been there on that corner, doing what he feels is his calling....protecting the kids from predators and crazy drivers. But, Carl is best known for his role in the Monday Niters, He is so opinionated that his fellow friends are noting that he is getting more like that Ike Gardner, everyday. Carl, who used to support the Chiefs is now voting against them, week after week. In fact, he said the Chiefs will not win more than five games this season. To his chagrin,the Chiefs have already won four and are looking any day for that fifth victory. .So at his house Monday night, everyone was kidding Carl about the above picture....that shows him holding up the number “five”. Like other doubters, Carl is having to rethink his early predictions and yet he holds to his prediction and says the Chiefs will lose to Tennessee Titans by a field goal.. Except for Ike, his fellow Monday Niters disagree. Let’s now look in and see what the rest of the guys think. Dr. Charles Allen: Doc is still concerned about this Alzheimer’s disease. Particularly, he is warning all care-givers that it takes more than “24-7” to look after those, with Alzheimer’s. But he is quite optimistic about the Chiefs, especially the coaching aspect. Thus, he sees Sunday as another victory for Kansas City. Chiefs by 7. PAUL BOOKER: Interested in all the violence, Booker has high praise for Jackson County. The County has just released a plan to curtail some of the violence and he is elated about that. And he’s happy about the Chiefs being 4-0. He says it is strictly because of those linebackers....Hali, Houston and Johnson. Chiefs by 10 Bubba Cleaver: He is up to his neck in dealing with the government “shutdown” in Washington. He attends every session, hoping for a resolution. . . but there is definitely a war going on in the nation’s capital.. But Cleaver is keeping the faith and still earning national respect, every day. Just like the Chiefs. No doubt about Sunday. Chiefs by 7. Ike “Out of Control” Gardner: Ike is intelligent, committed but cantankerous as hell. He flatout disagrees with everybody, except his current and past St. James pastors, both Rev. and E-3. He did say a few nice things about Dontari Poe, the Chiefs defensive nose guard. But, he was Ol’ Ike when it came to the outcome, Tennessee by 3. Lloyd Greenfield: Lloyd, unlike painful Ike, is a mild-mannered, thoughtful guy. He feels that educated people are more effective, when they share their talents with lesser educated people. This “team” approach will make the city, better for everyone. Further, he is pleased with the Chiefs’ team play and Jamaal Charles in particular. They will shine again in Tennessee Sunday. Chiefs by 7 Ollie Hubbard: Big Hub is one of Lincoln University’s greatest advocates. If Lincoln is having a fundraiser, Ollie will call you at 3 a.m., to remind you of your “forced” promise to buy a ticket to a Lincoln event. That dedication has earned him many friends. Just like his wisdom in supporting the Chiefs, this Sunday. Chiefs by 7 Jim “Granddad” Nunnelly: He is really gung-ho about this mental health and violence stuff. His family is running from him because he is urging them to get involved in this community issue. His grandson, Christian, says his grandfather is all about “liberating mental health”. In fact, he notes a mental uplift in the Chiefs. The special teams are leading the way., including this Sunday. Chiefs by 7 Ed West: He keeps wondering why local control of the police department keeps coming up. With people leading the board like Alvin Brooks, Ed asks “what’s the problem”? He is asking that about the Chiefs, as well. With special teams scoring points and getting good field position. . . what’s the problem?. . . thus, Chiefs by 10."
208802,"Thank You, Lisa Page Surely, every one of our readers have heard the smashing, gospel hit song, “I Just Want To Thank You”. With that in mind, we, Monday Niters, are in a “Thanksgiving spirit” and want to lace our column with both the song and the season in mind, Thus, we are asking the question.....what player should the Chiefs be most thankful for. And then, we are asking each Monday Niter, what he is personally thankful for. And in between the lines, we will gently place a few facts, along side our prediction of the Seattle-Kansas City game on Sunday. Actually, after beating Arizona at home last Sunday, the Chiefs, at 6-4, have a better record than the Seahawks, at 5-5. And like old times, the Chiefs are undefeated at home. Conversely, except for Cleveland, the Chiefs have lost four games on the road. Unjustly, the “haters” were not courteous enough to call us and congratulate us “loyalists” on our predictions, last week. But, the “haters” are like the “tea party folks”, they just want to hate. Dr. Charles Allen: Doc says the Chiefs ought to be thankful for the maturation and development of Jamaal Charles, their third year running back. And being the gentleman he is, he says he personally is thankful for his fine family, his health, and his many patients, who have placed great faith in his professional capabilities. Chiefs by 10 Paul Booker: Fresh from celebrating his two birthdays, Booker is thankful that he hasn’t been run out of town for his many disloyal predictions, against the Chiefs. However, he is feeling better about the Chiefs, especially since the arrival of Dwayne Bowe, the developing wide receiver from Louisiana State university. While a “hater-at-heart”, Paul truly loves his wife, kids and grandkids with unspeakable joy and admiration. And sometimes he even goes to church at Mount Pleasant. But, not enough to believe in the Chiefs this week. Seattle by 7 Carl Clark: Is really thankful for he will celebrate his 51st wedding anniversary on Friday. Thus, he has ceaseless admiration for his wife and family. And as for the Chiefs, they ought to be thankful that they have Jamaal Charles, who has had five 100-yard-plus rushing games. Carl also believes those extra- long practice sessions helped the Chiefs regain their AFC West lead. No longer a hater. Chiefs by 3 Congressman Bubba Cleaver: man of the cloth, he is so thankful to have a “fabulous” family and an “unusally high” number of friends and supporters, And he says the Chiefs should thank God for the best, complementary running-back duo in the NFL...Charles and Jones. After Sunday’s victory, Rev. is moving away from Ike and Booker’s influence and standing on his own. Chiefs by 6 Issac Gardner, Jr.: Yes, Ike was named after his “Chef-on-the-train” dad. Now deceased, Mr. Gardner would often cook wild-game dinners for us guys and our families. Thus, Ike is thankful for God and his family. And while still mad at the Chiefs for now over 40 years, he says they should be thankful for two-time, All-Pro, Brian Waters. Now in his 11th season, Waters has lent stability to a “sometimey” offensive line. But, that’s not enough for Ike to reduce his “hating”. Seattle by 10 Lloyd Greenfield: Lloyd is thankful for “life”, in general. Certainly he includes his family and his many friends in that statement. And a month ago, he veered from his usual mild-manners and chided Dwayne Bowe for his mediocre play, Now he apologizes after seeing Bowe operate these last few games, especially against Arizona and Denver. Because of his prolific fair-mindedness, most folks refer to Lloyd as a “gentleman’s gentleman”. Chiefs by 7 Ollie Hubbard: You remember last week, Ollie went on and on about his “earth angel” wife, Sandra. And it wasn’t even Thanksgiving. But, this week he is adding to his list his two “classy” daughters and his brilliant granddaughter, Karrington. Plus, the many who depend on him for local and national news. And like Lloyd, he, too, feels Bowe has arrived and just might make All-Pro, Especially if the Chiefs luck up and win the West. . . Keep being thankful, Ollie. Chiefs by 3 Jim Nunnelly: Feels that the Chiefs defense, led by Tamba Hali, is grossly over-looked. Hali is only second to Derrick Thomas and Neil Smith, when it comes to forcing fumbles. And yes, look for the fifth year linebacker to be All-Pro this year. Personally, Grand Dad is thankful for his wife, two adult children and the five grandchildren (who have made major career decisions this year). And he also is thankful for the Call, the Carter Broadcast Group and Swope Health Services for standing behind the teenagers in our city. And he looks for Hali and the Rockets to stop Seattle cold. Chiefs by 14 Ed West: Wouldn’t you know that this computer genius would make his wife and family, along with his health, as his most-thankful-for part of his life? That’s well-rounded Ed. And while each of us picked a Chiefs’ player, Ed selected Romeo Crennel, the defensive coordinator. Ed says the Chiefs were just lucky to have landed a defensive leader who has been to the Super Bowl five times, in various capacities. So, Ed is full of thanks and geeky information. . . .and surely believes Kansas City will win its seventh game against Seattle. Chiefs by 10 Final note: This week, being Thanksgiving and all, we are certainly thankful for the Call and their staff, and to each of you for allowing us to be a part of your life, especially during the football season. For over 40 years now, we have gathered each Monday night and discussed the ways of the world, our families, and occasionally football. Never has it been entirely about football, though we each love the game. Really, it has always been about friendship, camaraderie and good, clean fun. And as mad as we might make each other sometimes, we have never gone home angry or unforgiven. Again, thanks to each of you and especially Lisa Page for reminding all of us to be thankful everyday, not just on Thanksgiving."
121383,"Ike Gardner, Fearless Candor And The Chiefs Ike Gardner is definitely one of a kind. We, in the Monday Niters, risk our emotional lives, each Monday night of the football season. That’s because Ike is cantankerous, arrogant, and one-wayward. Of course, some of this “fearless candor” can be explained because Ike is/was an only child. Spending most of his 79 years here, Ike is not a stranger at all. Best known as an educator/administrator, Ike was at the forefront of school desegregation issues, back in the early seventies. There, his candid ways saved the School District from courting catastrophe. He was not diplomatic at all...and thus, we still have some local conrol over our educational system. In spite of this cantankerousness, Ike is well-respected in our football club. Dr. Allen and Ron Walton refer to him as a “friend for life”. Even though his rough-sounding baritone voice can be heard over everyone, he is well worth listening to. Ike rants and rages his opinion, on anyone who will listen. Just this past Monday, Congressman Cleaver called Ike from Washington, just to check on his behavior. Ike talked Rev.’s head off, going on and on about the Chiefs. Rev actually hung up and Ike didn’t even notice. He just kept on “Ikeing” with fearless candor, leaving the rest of us speechless. But, we must seriously consider what Ike says about the Chiefs and their Chiefs’ 5-0 start. Considering the weak schedule, Ike candidly warns us that there are still eleven games to play in 2013. And even though he is voting for the Chiefs to win against Oakland, he is nonetheless cautious about the Chiefs’ mediocrity. Oakland’s newly-found quarterback, Terrell Pryor, will test the Chiefs’ highly-rated defense. Listen to Ol’ Ike and his candor. Enough of Uncle Cantank. . . now to the rest of us and our thoughts on the Chiefs and other things. Dr. Charles Allen: Doc is still reminding us about Alzheimer’s disease. Particularly, he advises care-givers that there is no cure for this awful, life-changing disease. However, he does see a great prognosis for the Chiefs and their momentum. . .Chiefs by 7 Paul Booker: He’s happy with the Chiefs’ progress and believes the defense will score often against the Raiders. . . Chiefs by 7 Carl Clark: Carl, on the other hand, believes the Chiefs are bound to lose, sometimes. And he thinks it will be Sunday, out at Arrowhead. Raiders by 7 Lloyd Greenfield: Everyone is commenting on Lloyd’s interest in total community education. Involving everyone in a child’s education is his strong view. Also, he is relentless about the Chiefs and the crowd. . . Chiefs by 3 Ollie Hubbard: Every now and then, Ollie gets out and about. And all the guys were elated to interact with him over dinner (that he didn’t cook or supervise). . . Chiefs by 7 Jim “Granddad” Nunnelly: He likes the Chiefs’ mental health. They are not breaking down, like they used to, last year. The Chiefs’ defense is among the leagues best, especially the front line and linebackers. Look for some errors but overall this is all. .. Chiefs by 10 Ed West: Ed once managed the office of Citizens’ Complaints for the Police Department. Thus, he knows all about the need for local control. Leave it like it is, he shouts. Leadership is encouraging, even for the Chiefs. . . winning by 10"
139790,"Super Bowl 47: Apogee, Kaepernick, And The Left Out Chiefs Apogee is a word, used in astronomy to describe the farther point out there in space. It was used in the novel, Fifty Shades Of Grey to describe the best feeling that can be derived from romantic encounter. Well, on Sunday, the apogee of football games will be played in New Orleans. This game will feature Baltimore Ravens and the San Francisco Forty Niners. San Francisco will probably win, mainly because of its stellar quarterback, Kaepernick. This kid is “on fire” and will silence the tirades and mental health outbreaks of Ray Lewis. Ray can stir up the crowd but this kid can move the ball down the field. In fact, over half of his passes go for twenty yards or more. His actions speak louder than Ray Lewis’ words. He is arguably the best quarterback in the league. Speaking of quarterbacks, why can’t the Chiefs buy, borrow or beg for a good quarterback? Other teams do this but Kansas City cannot get it done. That’s why the Chiefs are “left out” and left at home. You would think that a team with six Pro Bowlers can at least find one quarterback, among all these youngsters. And they are not promising that the quarterback position is not their highest draft priority. That attitude is just plain stupid and explains why the Chiefs haven’t been in a Superbowl, since 1970. So while San Francisco and Baltimore will be kicking it in the SuperDome, the Kansas City Chiefs will be looking wise and otherwise and missing the point. In the words of Herm Edwards, you play to win the game. Something the Chiefs don’t understand. They need some apogee. . . or something. Here’s what the Monday Niters think: Dr. Charles Allen: San Francisco by 14...no doubt about it. Paul Booker: Ravens by 7 Ray Lewis will sack Jim Harbaugh for a second time. Carl Clark: San Francisco by 14 Kaepernick will outperform Flacco Ike Gardner: San Francisco by 7 They have an excellent offense and defense. Lloyd Greenfield: Sam Francisco by 7 Just watch them go. Ollie Hubbard: San Francisco by 12 Going with the City by the Bay. Jim Nunnelly: San Francisco by 10 Smith will make Raytown proud. Ed West: San Francisco by 10 Just wait and see. Eric Wesson: San Francisco by 14. Just watch those Young Bloods operate. Tracy Allen (sports editor): San Francisco by 7 While this will be the last hooray for Ray Ray, his offense won’t help him."
7462,
298423,"Monday Night Football For the most part, we again ignored the awful plight of the Kansas City Chiefs, this past Monday. We were entertained at Ike’s house, out in Raytown. Ike claims he fixed the red beans and rice, laced with gumbo-like polish sausages and topped with onions. His family came to his rescue, with Lura, Shelley and Roosevelt providing various levels of hospitality. And the Chiefs, on a bye week, did not provide much conversational opportunities. Thus, the conversation drifted into lots of words about Lincoln University’s Homecoming weekend. Being alumni, several of our members attended the long-weekend and were greeted with the Temptations and a great half-time show, at the football game. Of particular note was the maturing Lincoln University Marching Band. Ollie Gates, favorite of old’ L.U., made his annual trek to Jefferson City, parked his motor-home on the football field, and provided Lincoln’s President with his annual donation. But, Lincoln has changed dramatically, since the days of segregation. In fact, Lincoln is quite diverse, with many drive-in, day students having enrolled since the early seventies. That’s why it is referred to as an “historically black college and university”. So while the Chiefs will get slaughtered at Arrowhead Sunday, much of the conversation, for us, concentrated on an important topic, like Lincoln University. Unlike the Chiefs, Lincoln beat Xavier 56-7. DR. CHARLES ALLEN Proud alumni of Lincoln...attended the homecoming ceremonies last week and immediately noticed a major difference, compared to the sixties...there were curfews then, especially for girls...there were no co-ed dorms.. this year, the Homecoming queen, a beautiful black lady, was escorted by a Caucasian guy.....and Charles clearly missed the “foot”, a collection of joints at the bottom of the famous hills...he missed Miss Leona’s famous chili-skillet-stew...she made sure that no Lincoln student ever went hungry....no coming back y’all...but Charles believes that the Chiefs are saying that “a setback is a set-up for a come-back” and predicts CHIEFS BY 7 PAUL BOOKER Also an alumni from the Bootheel...also misses Miss Leona’s cooking that combined everything into a single dish....Booker ate there twice a day because he hated the campus food...looks forward to meeting all of his old friends at Edna Brannock’s mother’s house each year...liked the Temptations. but coming back from Jefferson City, thought about the Chiefs and just knew that the Titans will Tennessee-waltz the Chiefs...TENNESSEE BY 13. CARL CLARK Carl was rather quiet, this past Monday...in fact, he fell into a deep sleep a couple of times....usually talkative but rather subdued....he enjoyed attending Lincoln’s homecoming during his high school days...he didn’t go back after a girl threw some chitterlings on Apple Jack...he hasn’t been back since. someone must have thrown some chitlins on the Chiefs....Carl predicts TENNESSEE BY 14. IKE GARDNER Ike’s affiliation with Lincoln arose because he was refused admission to Missouri University and they, then, suggested he enrolled at Lincoln, instead....noted that most black colleges, including Howard where he attended, had curfews based on the day of the week, allowing later times as the week progressed...did not ever attend Lincoln but has been a staunch supporter of HBCU’s...turning to the Chiefs, Ike is not impressed with Chiefs at all...thinks they can’t stop rolling downhill...TENNESSEE BY 25. LLOYD GREENFIELD His cousin, Charlene Boswell attended Lincoln university....she was instrumental in organizing the Metropolitan Spiritual church...Lloyd was a sprinter at Lincoln High School way back in the early fifties....is producing a cd, featuring singers Jackie Mackrel and Geneva Price....keeps asking the question...have you ever seen a Tennessean walk....well, TENNESSEE BY 14. OLLIE HUBBARD Graduated from Lincoln University in 1966....a major contributor to Lincoln....impressed with the growth of Lincoln over the years...attended “every” homecoming between 1967 and 2005, stopping because of a leg problems...salutes all the Kansas Citians who have attended Lincoln, including Donna Stewart, Ollie Gates, Georgia Buchanan, Bob Wheeler, and Gurnie Gunther...while he still plans to support Lincoln university, he has given up on the Chiefs entirely...TENNESSEE BY 30. JIM NUNNELLY He chose to enroll at Missouri University, even though he had a full scholarship to Lincoln....attended several homecomings...as a high school student, won the Armistead Pride Journalism award three years in a row...lived in Columbia and knew many Lincoln alumni, including Erma Monroe, Juanita Dixon, Mary Patton, Joanne Herndon, Emma Turner, George Brooks, Montell Washington....lot of years have left by but not his faith in the Chiefs...CHIEFS BY 3 ED WEST Believes the Chiefs’ losing streak is about to take off...was a track and football athlete at Pittsburg State...competed in the long jump against Herman Gant...who was a miler at Lincoln.....Gant is still in great shape and walked every day from the Capitol hotel to the Lincoln campus during Lincoln’s Homecoming...like the rest of us, Ed is just plain tired of the Chiefs....TENNESSEE BY 30. ROOSEVELT SCULARK Ike’s son-in-law....alumni of Jackson State and Howard, both hbcu’s...interacted with the Monday Niters throughout the evening...clean-cut and credible...believes the Chiefs’ secondary cannot stop anything or anybody...TENNESSEE BY 24..."
116724,"Rudolph, MVP Choice, And The 11-3 Chiefs It is Christmas time and we are all singing those long-remembered Christmas carols. One song stands out, as the Chiefs enter the much-coveted playoff/Super Bowl pursuit. Y’all know the story about Rudolph. He had this freaky red nose and the other reindeer “used to laugh and call him names”. They never let Rudolph join in any reindeer games. Okay, you get the point. But, one foggy Christmas eve, ol’ Rudolph became the MVP among reindeers, everywhere. Speaking of Most Valuable Player, we must begin to talk about “who is the Chiefs’ MVP this year”. Dr. Allen says it will be indisputably Jamaal Charles. Even wishy-washy Paul Booker says Charles is an all-purpose player and deserves to be MVP. Mr. Socialite, Carl Clark, adds that Charles is “the team”. And Mila Banks closes the conversation by saying that Charles is “running well and scoring”. That sums it all up….Jamaal Charles is the MVP of the 2013 Chiefs. Please note that Ike Gardner was not asked about his opinion on this. That was on purpose. Because Ike’s approval rating has sunk to an all-time low. Most people at St. James forgive Ike for his cantankerous ways. Sometimes, he is just against everything, You will remember it was Ike who said the Chiefs would only win four games this year. And even in spite of winning eleven games already, he insists on saying the Chiefs will lose this Sunday, out at Arrowhead. This abject stubbornness caused Mila Banks to lash out at old Ike. She says that Ike needs to wake up and “know that the Kansas City is playing football”. Meaning, Ike you can stop berating the Chiefs because they have proved your tired self wrong. In fact, many say that the book “A Christmas Carol” was written about Ike Gardner. It has been said that Ebenezer Scrooge and Ike were room-mates, at one time. Unfortunately, Ike still corresponds with Scrooge frequently. They talk about everything, including how Santa still is using reindeer to deliver Christmas packages.. Speaking of reindeer, let’s return to close out the thought about “Rudolph”. He was ostracized just like the Chiefs were last year. People laughed and talked badly about Rudolph. Like the Chiefs, everyone said ol’ Rudolph was a loser and would never amount to nothing. And now, this year, everyone is acting like they never said anything bad about the Chiefs. Those same haters are rushing home from church, talking about how proud they are of their hometown team. Bottom line, it was Ike who stirred up the other reindeer against Rudolph, in the first place. So the next time you see Ike Gardner, tell him that Rudolph and the Chiefs are now on top. And like Mila Banks said to Ike…”wake up and know” that even Scrooge changed when presented with facts. Not so with that damn Ike. He has fallen asleep again. Dr. Charles Allen: K.C.’s offense will destroy. Chiefs by 7 Mila Banks: K.C. is playing football. Chiefs by 10 Paul Booker: K.C. has developed a winning spirit. Chiefs by 3 Carl Clark: K.C.’s defense is not ready for Indy. Colts by 10 Bubba Cleaver: K.C. will “harsh collar” the Colts. Chiefs by 7 Ebenezer Gardner: the Colts will leave their horseshoe prints on the Chiefs’ behind. Colts by 7 Lloyd Greenfield: I believe. Chiefs by 7 Ollie Hubbard: K.C. will catch Indy “napping”. Chiefs by 6 Jim Nunnelly: Charles earns his MVP stripes. Chiefs by 10 Ed West: Full team effort and home field.Chiefs by 3"
58644,"Monday Nite Footballers Predictions By Jim “Grand Dad” Nunnelly Predicting Since 1970 Charles Allen (3) Paul Booker (6) Carl Clark (2) Bubba Cleaver (4) Ike Gardner (6) Lloyd Greenfield (3) Ollie Hubbard (6) Jim Nunnelly (3) Ed West (3) Kansas City Chiefs vs. Oakland Raiders 3:15 p.m., KCTV 5 Predictions (Wins In Parenthesis) Chatter, Conversation And Commentary"
209957,"MONDAY NITER WITH SKILLS . . . Because of his 32years in dentistry, many do not know that Doc is a real genius in the kitchen. In fact, during the 40 years he has been a member of the Monday Niters, he has always prepared the food for his football cronies. Here he proudly shows off his baked chicken smothered chicken, laced with rotel tomatoes and black olives. In addition, he has composed a mixed salad, he calls the “Charley Salad”. Doc says he learned his culinary skills from having cooked in his parents’ restaurants, down on 18th street. Always a self-starter, Doc has won the respect of everyone he meets. On top of that, he is one of the loyalists, who always support and vote for the Chiefs. He is married to Beverly and they have two grown children and a sporty grandson, Robert."
211035,"George Benson, Where Are You? Final note: George Benson no longer is on top. Not sure where he is or if he is still alive. We know he will always have a special place in our hearts because of his musical genius. But unfortunately, George must not have known about the 2010 Chiefs. Look at that offensive line who has helped Charles and Jones become All-Pro prospects. And how about that “kids r us” secondary who are not afraid to step in front of a receiver and take the ball away. And how about those running backs who are leading the league. And for once, we have a pass rush that we haven’t had since Buck Buchanan. And let’s not forget we won the Super Bowl with a brittle quarterback named Len Dawson. So, stop complaining that Matt Cassel is not living up to our expectations. Let’s just refer to him as “Matt, The Masquerader”. . . You all will remember George Benson, a jazz singer-guitarist, who crooned his way into our memories with a song called, “Masquerade”. The song was about a couple of lovers, who were “masking” their activities, which led to the question about a “masquerade”. Well, the Chiefs are 4-2 now and many still think the Chiefs are not who we think they are. And this week will be a real test to see if the Chiefs are really “just masquerading”. Hmmmm! And like always, we Monday Niters are wondering if the Chiefs are really contenders for the playoffs or are they just “pretenders”. First, they are us loyalists, who believe in the Chiefs, thick or thin, lose or win. We see hope in the making and like Obama used to say...yes, we can. And then there are the “haters”, who despite some real evidence, still cling to the notion that the Chiefs will fade soon. But, one “big hater” changed his vote this week. So, let’s inquire with each Monday Niter and query if the Chiefs will be playing beyond January 2. Dr. Charles “The Chef” Allen: Doc quit a good job at Bendix to pursue his life-long dream of becoming a dentist. That he did and for thirty two years now, he has delivered “pain free” dentistry to this community. So as the “main loyalist”, Doc sees the Chiefs undoubtedly making the playoffs. He finds great hope in the “B Boys”. He believes that Bowe and Berry are exactly what the “doc” ordered, on offense and defense respectively, No mask here. Chiefs by 10 Paul “Hater No. 1” Booker: When Paul was an educator and a home-school coordinator for the District, he was kind, effective and knowledgeable. Being from the Bootheel, he appeared that he was happy, go-lucky. But, Paul was forced to pick cotton down in Haiti, Mo. And he carries that “hate” with him, right onto things like the Chiefs. No matter what the Chiefs do, Paul just says “no” to the Chiefs. He says the same about their playoff chances. And about the Chiefs against winless Buffalo. A real “hater”. Take off your mask, Booker...it is a brand new day, Buffalo by 7. Carl “Car Crazy” Clark: You want to see Carl light up? Just ask him about his beloved, 1987 Corvette. He longs for that speed, that body, and that low center of gravity, But when asked about the Chiefs’ playoff chances, he is not as forward as Doc, nor as difficult as “that Booker”. He recognizes some improvement but knows the Chiefs have not really been tested and have lost to the good teams, like Indianapolis and Houston. So we might have to restore his Corvette to get him to say “yes” but for now, he is moving in the right direction. Chiefs by 3. Congressman “Still Got It” Cleaver: His wife, Dianne, took him to dinner, last Tuesday. It was his birthday and despite a tedious campaign for re-election, he went and had fun. But the real fun will come on October 30 when the whole community is invited to help him celebrate his birthday, at Ararat Temple. Evelyn Champagne King and the Bloodstones will be there to sing “happy birthday”, even though he is still wearing a mask about his real age. But, on Sunday, he thinks the Chiefs will beat Buffalo and further enhance their chances of playing beyond the regular season. Happy Birthday Rev and everyone will be there, with voter registration cards and five dollars. By the way, Ararat Temple is just north of the Peachtree Buffet. It all starts at 8. Chiefs by 10. Ike “The Big Hater” Gardner: Ike was once the chairman of the Desegregation Task Force, some 40 or so years ago. And as an educator and a parent, he knew a lot about the “ins and outs” of the School District. And when he is talking about that part of his life, he is kind, considerate and engaging. However, he has grown to become a “hater of everything”. Speak of the Chiefs and he will immediately inform you about the coaching “mental midgets”, referring to Haley and Weis. And this week, he has returned to his old, School District self. He actually is predicting that the Chiefs, though still spotty, will beat Buffalo. POW! Did you get that, George Benson? Chiefs by 3 Lloyd “The Biker” Greenfield: Lloyd owns a motorcycle. Not just any big bike. It’s a Harley Davidson Soft Tail Heritage Motorcycle. Now, that’s class. He once rode all the way to Houston, Texas on his toy, He still can be seen around town with his fellow Buffalo Soldiers, Peter Yelorda and Marques Harris. While just cruising, Lloyd has often reflected on the Chiefs and how they have adopted some winning ways, slowly jelling into a playoff team. There ain’t do doubt that the Chiefs will be going to the playoffs, starting Sunday out at Arrowhead. Biking but betting on the locals. Chiefs by 6. Ollie “Meet The Press” Hubbard: Whenever you talk to Ollie, you feel like you are talking to the press. You have to be real careful what you tell him because he is GONNA report it. But, all of us can attest to his helpful hospitality. He will help you out, no matter what. There ain’t no wearing a mask with Ollie. He is who he is and we all accept and admire him for that. In fact, Ollie has been the same, ever since he was a little boy, running in and out of his father’s barber shop, down on 18th Street. That’s probably where his “inquiring mind” began. But, Ollie knows that the Chiefs are back, just like he is with his ability to get around. No doubt about it, Chiefs are contenders and he is going to tell everybody. What’s new? Chiefs by 10. Jim “Granddad” Nunnelly: Came to town the same year the Chiefs qualified for the Super Bowl in 1969. And after retiring from Jackson County, has returned to the health care industry, helping especially with Health Care Reform. But, he remembers the glory days of the Chiefs. Those like Otis Taylor and Buck Buchanan and Emmitt Thomas roamed our streets, patronized our businesses and attended our churches. He yearns for the return to the good old days when the Rodgers Health center and Swope Health Services were born. There was no masquerading then for everyone had jobs and businesses were booming, up and down Troost and around 31st street. That is when he met and became friends with all these Monday Niters. He believes that the Chiefs are not “lost in a masquerade” and are rising again and will definitely make the playoffs. Chiefs by 22. Ed “Mr. I-Phone” West: While the rest of us struggle with modern technology, Ed West welcomes it. If a question about anything comes up, Ed just whispers into his i-phone and reads the answer. Now, he does wish the i-phone had big print because he has to wear them triple-bi-focal glasses. Nonetheless, he is a very valuable resource to our community. Besides technology, Ed is actively engaged in helping teenagers adjust to the Raytown School District. And while he is by far the most factual Monday Niter, he is by no means swayed by the invading “haters”. He thinks the Chiefs are growing by “leaps and bounds” and will definitely win the AFC West. And he is not wearing a mask, at all. Chiefs by 20."
294743,"Monday Niters Watch for the Tyler Thigpen shirts to start emerging. After all, this boy is the “only” hopes for our pitiful Chiefs. He not only is helping the Chiefs on the field but is helping Carl and Herm keep their jobs. All of a sudden, the Chiefs went from a “last place” team to a “team in the process of re-building”. And for the record, Larry Johnson better watch out. We all have seen people who get so big in the head that they think the world can’t operated without them. Well, even though the Chiefs are still losing, they don’t look as bad in their losing effort. They have a little swagger. Did you ever think you’d see Herm Edwards go for two points? Thank God he is truly being converted. Remember when all he talked about was “THE defense”. And do you all remember last week when Thigpen scored a touchdown, as a receiver? Pretty soon, ol’ Herm will start acting like a real head coach, not just an entitled defensive coordinator. Watch for the pundits to start counting the one and two point losses, as Chiefs’ win! Enough about the Chiefs. At Paul Booker’s house, we talked about volunteering. Most of us, except Dr. Allen and Bubba Cleaver, are either retired, virtually retired, or just plain tired. Thus, it didn’t take long before the acts of volunteering replaced the conversation about the poor-played Monday Night football game. So, while we look ahead to the home-game with New Orleans, we will sprinkle in a few words about what to do/not to do in retirement. DR. CHARLES ALLEN: Charles is still managing and owning a well-established, patient-oriented dental practice. Somehow, he has eliminated the fear that most people associate with dentists. He is gentle, painless, and teaches his patients about good dental hygiene and prevention. . . Charles is “befuddled” by it all, especially the play of the Chiefs. . . CHIEFS BY 3. PAUL BOOKER: Paul teaches math each summer at Freedom School. In his working years, Paul was a solid resource for children in the Kansas City, Mo., School District. His wife, Carolyn, was one of the founding administrators for the local Freedom School movement, along with Dwayne Crompton. . . Turn Out The Lights on the Chiefs. . . NEW ORLEANS BY 7. CARL CLARK: Carl says he has “no problem” as a retiree. . .Carl is one of the fortunate ones, having retired from Colgate with a good retirement plan. . . When he is not guarding the children near the schools, he is doing something positive for the Ivanhoe Club and at times, with the Kiwanis. . .The Chiefs will find another way to self-destruct...that’s why he is picking NEW ORLEANS BY 7. BUBBA CLEAVER: Just won his third term as a U.S. Congressman by a landslide.. . . Everyone should see him interact with his grandchildren. . . Cleaver has no plans or room for retirement. . . People are talking again about Presidential appointments. . . Not likely. . .He can’t talk any more about the Chiefs. . . NEW ORLEANS BY 10. IKE GARDNER: Ike is succinct about his volunteering. He candidly reflects that he worked two jobs for his family and he ain’t doing nothing else, period. However, his lovely wife, Lura, Veterans Administration Hospital retiree, continues to volunteer at the City Union Mission. . . Ike does acknowledge and welcome the “new Chiefs” and stated the they are “on the way but haven’t quite arrived yet”. . . but not enough to pick the Chiefs this week. . .NEW ORLEANS BY 10 LLOYD GREENFIELD: Lloyd looks out for the cultural opportunities for his entire community. . . In fact, the Monday Niters will be his guest at the production of “Brewster’s Place” in early December. . . a pearl of a guy...but is not very nice when it comes to the Chiefs. . . Says the Chiefs can’t play 60 minutes of football. . . thus, NEW ORLEANS BY 5 OLLIE HUBBARD: No doubt about it, Lincoln University is high on Ollie’s list. . . Recently, he sold more tickets than anybody at the recent Lincoln fundraiser. . . Hounds you at 5:30 a.m. . . Also has high hopes for Obama. . . and now he is liking the Chiefs a little bit. . . CHIEFS BY 3 JIM NUNNELLY: Not quite retired but in the Social Security line. . . has volunteered substantial time to over 50 organizations. . . will spend his retirement launching a consultant business, called “Temporary Executive Services”. . . doesn’t think the Chiefs are temporary. . .CHIEFS BY 7. ED WEST: Ed got over with his retirement from AT and T. . . Ed is not exactly lazy but spends a lot of time, repairing and setting up computers for Kansas City home-owners. . .loves his wife, Celeste....she volunteers for senior citizens. . .a likeable family. . .but they don’t like the Chiefs. . . Ed says “they CAN’T beat the SAINTS”. . .NEW ORLEANS BY 6"
345903,"Carl Clark (6) San Diego by 14 Stick a fork in the Chiefs; they are done! Bubba Cleaver (6) Paul Booker (5) San Diego by 13 Chargers will be charged up! Ike Gardner (5) San Diego by 17 Chiefs are done for the rest of the year! Lloyd Greenfield (5) KC by 3 In the words of James Brown. . . please, please, please! Jim Nunnelly (5) KC by 2 The Firm: Smith, Hali, Allen, and Bowe! Ed West (5) San Diego by 20 Chiefs will be struck by the lightning bolt! Charles Allen (4) KC by 3 Coaching changes in the works! COMMENTARY, CONVERSATION, AND CHATTER Dr. Charles Allen, a well-respected dentist in our city, is most noted for his painless procedures. His professional techniques are remarkable, complemented by an unusually well-trained office staff. But, Dr. Allen said something this week, about a coaching change. And amid all the hoopla, I failed to get more detail. Was he saying that there is going to be a coaching change at Arrowhead? How does he know? If his credibility in football circles is the same as his professional credibility, we all had better listen. Since he is not near, let’s speculate. Ok, the Chiefs lost to lowly Oakland last Sunday. That was the last straw for many. And where has this Louisville Slugger running back been? You mean to say that we had this kind of backup and we resurrected Poor Priest! And he actually gained 150 yards with our Cinderella-laced offensive line! Wow! Who could the venerable Dr. Allen be talking about? Now this week, the Chiefs did announce they were looking for another field goal kicker. So does Dr. Allen have a crystal ball? Well, who’s in it is anybody’s guess! Is it Herm that is going? Or is it Solari, the offensive, offensive coordinator? I don’t know. Next time you see Dr. Allen, let’s ask him! For now, we have to contend with a dilettante football team, called the Kansas City Chiefs. In the meantime, keep watching Mizzou, New England, Dallas,and the Colts to nourish our pain-free, need to be on a winning team."
7358,"Monday Nite Footballers Predictions By Jim “Grand Dad” Nunnelly Predicting Since 1970 Charles Allen Chiefs by 3 Why stop now? Paul Booker Chiefs by 3 Determination, one word! Carl Clark Chiefs by 7 I'm sticking with 8-8 Bubba Cleaver Chiefs by 3 If they play three quarters! Ike Gardner Chargers by 10 Thank God, this is the last game! Lloyd Greenfield Chiefs by 3 Ending on a winning note! Ollie Hubbard Chiefs by 6 Thunderbolt in the butt! Jim Nunnelly Chiefs by 3 Johnson outruns Thompson; Green outpasses Brees; defense manhandles the Chargers. Ed West Chargers by 7 Reverse psychology until the end! Kansas City Chiefs vs. San Diego Chargers 3:15 p.m., KCTV 5 Predictions (Wins In Parenthesis) Chatter, Conversation And Commentary Note: Ed West just might have a 100 percent rating. 100 percent wrong. If the Chiefs win against San Diego, Ed West would have predicted all the games, inaccurately. The Chiefs started off 0-3 and now, have won four in a row. Wow, how unpredictable can a team get? It reminds me of a story of a young minister, who was scheduled to preach his very first sermon. When it was his turn to preach, he strutted up to the podium, absolutely certain that he could move this church to previously-unreached heights. Arrogantly, he read the scriptures. And he shook his head, as if he knew the entire Bible and its meaning, by heart. And rather than slowly engage the congregation, he chose to talk down to them, as if they were second graders. He went on like this for what seemed like an eternity. However, the more he spoke, the more he realized that he was not getting or going anywhere, with this high-and-mighty approach. And slowly but reluctantly, he became more humble, as he read all the unresponding faces in the congregation. Feeling the rejection, he was almost in tears, as he prematurely began to close his botched sermon. And finally, he sat down, almost in shame. For he knew he had failed, miserably. Embarrassed beyond belief after the services, he stood near the pulpit, head hung low. Then, an old man walked up to him and said, “Son, if you had got up, like you sat down; then, you could have sat down, like you got up.” The moral of the story is that the Chiefs did not do that. They started off humbly and grew to become the winner they were supposed to become. Let’s give a big cheer to our Chiefs, for having come through, in the end."
315204,"Monday Nite Footballers Predictions By Jim “Grand Dad” Nunnelly Predicting Since 1970 Kansas City Chiefs vs. Buffalo Bills 7:30 p.m. ESPN Game Prediction (Wins In Parenthesis) Charles Allen(6) Paul Booker (5) Carl Clark (6) Bubba Cleaver (6) Ike Gardner (3) Chiefs by 3 Chiefs by 3 Chiefs by 7 Chiefs by 7 Denver by 3 Lloyd Greenfield (6) Ollie Hubbard (6) Jim Nunnelly (6) Ed West (5) Chiefs by 3 Chiefs by 7 Chiefs by 2 Chiefs by 7 Chatter, Conversation And Commentary"
320595,"Monday Nite Footballers Predictions By Jim “Grand Dad” Nunnelly Predicting Since 1970 Oakland Raiders vs. Kansas City Chiefs 8 p.m. KMBC-TV 9 Game Prediction (Wins In Parenthesis) Charles Allen(6) Paul Booker (5) Carl Clark (6) Bubba Cleaver (6) Ike Gardner (3) Chiefs by 3 Chiefs by 3 Chiefs by 7 Chiefs by 7 Denver by 3 Lloyd Greenfield (6) Ollie Hubbard (6) Jim Nunnelly (6) Ed West (5) Chiefs by 3 Chiefs by 7 Chiefs by 2 Chiefs by 7 Chatter, Conversation And Commentary"
147053,"Matt Cassel: Subject Of Many Words Matt Cassel is in trouble. He is injured and he will never know if his likely benching is because of that injury or just inept play. It doesn’t matter because “it is what it is”. He was well on his way to being benched anyway. And we all know it. And the Monday Niters spent half their meeting session, discussing Matt Cassel. But before we share some crushing comments, let’s look into the non-news-making aspects of this week’s game against the Tampa Bay Buccaneers. Here are some interesting and provocative facts you should know before watching Sunday’s game in Tampa Bay. First, Jamaal Charles is first in the NFL in rushing (no surprise). Justin Huston, Chiefs’ defensive standout is tied for third in quarterback sacks. Tampa Bay’s starting quarterback is Josh Freeman, a graduate of Grandview High school. Tampa Bay beat the Oakland Raiders in the Super Bowl, just after the 2002 regular season. Bo Jackson refused to play for Tampa Bay, even though he was the first round draft choice. Doug Williams, first African American to quarterback a Super Bowl, was also a first-round pick for Tampa Bay. In 1978, Trent Green, Chiefs quarterback under Dick Vermeil, also suffered a season-ending concussion. And that brings us back to Matt Cassel’s, boo-producing injury, last Sunday against Baltimore. Here’s what the Monday Niters remarked, along with their predictions for the must-win game against Tampa Bay. Dr. Charles Allen: Believes that if Eric Winston had been doing his job, Cassel wouldn’t have gotten hurt in the first place. Case of sour grapes. Dr. Allen also foresees a coaching change in the near future. Oh? Chiefs by 7 Paul Booker: believes that Matt Cassel was just looking for a way to sit down and take a 60-million dollar rest break...and thereby avoid a lot of bad press. However, Booker says that the hometown boy, Josh Freeman, has no respect for his hometown team. . .thus. . .Tampa Bay by 7 Carl Clark: is truly sorry that Cassel had to get hurt. So he blames the coaches for not taking Cassel out of the game in the first place. Either way, the Chiefs will give the fans “the same old Mitt, warmed over”. . . Tampa Bay by 10 Congressman Emanuel Cleaver: Is busy campaigning. But he did take time out to meet with a few sports fans last Sunday, after the Baltimore game. He spoke candidly about his new-found status in Washington, after having become the chairman of the Congressional Black Caucus. Being a part of a privileged few, he talks weekly with President Obama and goes all over the country in his behalf. But when it comes to the Chiefs, he is embarrassed by their sub-mediocre play. But still stays faithful. . .Chiefs by 7 Ike Gardner: Is nearly 95 years old and has been a Chiefs’ season ticket holder, longer than Winston has been alive. Saying forcefully, he has never witnessed Kansas City fans booing any injured player. But toward this Sunday’s game, Ike says the Chiefs have talent but have incompetent coaches. . .thus, Tampa Bay by 12 Lloyd Greenfield: Is mad at Eric Winston, recently acquired offensive lineman. Lloyd says he’s been going out to the games for years and he thinks it is unjust and out of place for a player (Winston) to make such a comment. As for this Sunday, Lloyd is afraid they are killing Jamaal Charles, by running him so often and under such impossible circumstances.....but he still remains hopeful. . .Chiefs by 3 Ollie Hubbard: doesn’t believe that crowd was cheering AGAINST Matt Cassel but they were cheering FOR Brady Quinn. Nonetheless, the fact remains, the Chiefs are lacking in quarterback play. That makes Ollie get down on his knees at Ebenezer and pray. . .Chiefs by 3 Jim Nunnelly: thinks that all the national media coverage is severely overblown and highly sensationalized. Worthless and idle chatter, allowing a newbie like Winston to get some press. The real issue is that Matt Cassel has not played well enough to win. Huston, Johnson, Hali, Charles, Berry again spectacular. . .Chiefs by 6 Ed West: Believes the offense will finally catch up with the defense, especially with a new quarterback. He strongly feels that Cassel was “put” in a bad situation because of horrible coaching (Ed may have something)....nonetheless.....Chiefs by 3 Eric “Amanda, Bri, and Erica’s Dad” Wesson: Asks the question, Does Clark Hunt ever think, in the back of his mind, “Am I’m paying this guy to throw complete passes to the other team. Throw the passes to the guys in the red uniforms you dummy.” .... Chiefs by 3 in overtime"
357119,"Monday Nite Football Chiefs And Christmas Ring-a-ling, ring-a-ling. . .it’s football time again in the city. And our Kansas City Chiefs, full of vicissitudes, are back; and this time, it is crystal clear that the locals will still be struggling, come Christmas time. In fact, some of us believe the Chiefs will be completely eliminated around Thanksgiving. Let’s look a little closer. First, our Chiefs will have to play both Super Bowl teams. . . Chicago and Indianapolis. That’s two down. Then, we have to play San Diego twice. Remember, this team had a 14-2 record, the best in the NFL. That’s two more losses. And we usually split with topsy-turvy Denver. That makes five losses, right off the bat. Not to speak about Cincinnati, Tennessee, and Minnesota. Don’t forget about Oakland, who will be tougher just because they finally got a quarterback. Essentially, the Chiefs can do no better than 8-8, this year. Do I sound like Ike, Booker, Carl and Ollie? No, these are just the funky facts. The Chiefs are truly in trouble, face it. Now, this is not to say the Chiefs are entirely worthless. For they have acquired some key gifts. . . Edwards and Bowe. And there are some “lights” still glowing from last year. There is the perennial, Eddie Kenniston and league’s best running back, Larry Johnson. On defense, there’s Tamba Hali and Derrick Johnson and even Jared Allen is all “lit up”. While none of these will set atop the Christmas tree, they were nonetheless promising, last year. Unfortunately, these are all ornaments; but there is no tree to put them on. So what am I saying? Santa or somebody needs to send us a quarterback and real quick. Herm is truly up-a-creek with both Brodie and Huard. Neither is of NFL quality and cannot help us win another playoff spot. No way, these guys are going to make it, especially with the schedule I just mentioned. Now, Dr. Allen, Lloyd, and Cleaver are pretty loyal Chiefs fans. And certainly they are to be congratulated for “hanging in there”. . . both in good times and bad. But, for me, I’m headed straight to the Salvation Army and start the bell-ringing, next week. And I am encouraging each of you to attend church and begin your prayers early. For it sure looks like a “lonesome Christmas”, coming up for the Chiefs. In a bad way, the Chiefs will be home for Christmas and in January, too. Ring-a-ling. Ring-a-ling."
120408,"Research Benefits, Old Times And The 7-0 Chiefs This past Monday night, the mood was different than usual. There was no ranting and raving because the Chiefs are winning 7-0. Ike Gardner is now voting for the Chiefs to win. Carl Clark weakly says that the Chiefs will lose, eventually. Sounds boring? No, and here’s why. We spent a lot of time talking about this research tax, coming up November 5. Right away, the tone moved seriously. For each of being over 70, realized firsthand how research and public oversight has advanced our personal lives and the African American community. More importantly, each of us has had some major encounter with our health, where advanced medicine has saved our butts. Heart attacks. Stents. Gout. Diabetes. Just like everyone else. Yes, how can anyone be against something when it offers so much to our community? Yes it is a tax. But the benefits outweigh the tax. Maybe we won’t benefit for any more research. But our children and grandchildren will. African Americans are living longer and better. . .That’s because the research always says we are disproportionately affected by all these ills, like diabetes, AIDS, heart failure, strokes. So every time your doctor tells you that because you are African American, you are more likely to suffer more. That’s research and we are living longer, as a result. So, we Monday Niters know. . .the more research, the more doctors, the more job opportunities, the longer and healthier our people become. Case closed. Let’s now look in on the Chiefs who are looking and sounding like the Chiefs of old. Even cantankerous Ike admits that. Here’s some of the other discussion: saluted Joe C. Meriweather for his contributions to Kansas City. . .Warren Moon, Hall of Fame quarterback from Houston, once played for the Chiefs...We remembered Pancho King, former KU basketball player, who played for the Kansas City Steers. . .Mizzou is 7-0 and on top of the SEC east division. . .Kemper Arena was a mistake. . . Otis Taylor, former All-Pro receiver for the Chiefs, was once part-owner in a nightclub, called Flankers. . .Municipal Auditorium in 1979 was where Darryl Dawkins shattered the backboard, with Bill Robizine, basketball great here, looking on. . .Cleaver checks in from Washington. He is expected to attend the Urban Summit’s Young Professionals event coming up October 30. . .No one fell asleep tonight. . .Thank God for the discussion about the research tax and we all said “yes” unanimously. However, we all do expect the Chiefs to win number 8, against Cleveland Sunday, out at Arrowhead. Here’s why: Dr. Charles Allen: K.C. defense will continue to prevail. Chiefs by 14 Paul Booker: Hali, Johnson and Poe. Chiefs by 10 Carl Clark: K.C. is bound to lose soon (not yet), Cleveland by 3 Bubba Cleaver: Chiefs are blessed and highly favored.Chiefs by 10 Ike Gardner: K.C. defense will steal another one. Chiefs by 3 Lloyd Greenfield: K.C. defense will keep Chiefs alive.Chiefs by 1 Ollie Hubbard: The Chiefs are playing like Lincoln university. Chiefs by 3 Jim “GrandDad” Nunnelly: Jamaal Charles will show up and show out. Chiefs by 10 Ed West: Offense will finally catch up with the defense. Chiefs by 10"
98983,"Chiefs Are Not Pearls. . . More Like Costume Jewelry… Someone once said that “a pearl is not a pearl, until it comes out of its shell”. That should have become the theme for our Monday night session, down at the Juke House. Congressman Cleaver hosted the event Monday and the evening was full of history lessons. That meant that everyone was cordial to each other (being the first meeting of the season). Then, things turned sour and we began to verbally assault the Chiefs. However before that we spent considerable time, talking about the domestic violence in the NFL, a revered teacher in the Kansas City Public Schools history, and then, we lit in on the Chiefs. First, about the domestic violence. This subject arose because the news media is going crazy, talking about the elevator video showing Ray Rice beating his girlfriend. Under the new NFL policy, he will be suspended for six games and if a second event occurs, he could be banned “for life”. This week the Baltimore Ravens cut Rice’s contract and the NFL suspended him indefinitely. Let’s go on. Secondly, we reminisced. Mainly about the “good old days”, when education was truly our number one priority in Kansas City. Jimmy Ray Hubbard said during a recent visit that at one time “Lincoln High School had more master’s level and PhD teachers than any other school. That’s why the guys, especially Ike, Carl, Ed and Lloyd saluted Dr. Jeremiah Cameron, English teacher at Lincoln in the forties and fifties and sixties. Sadly but understandably, some short-sighted people labeled the late Dr. Cameron as “arrogant”. But always lauded for his teaching skills and his relentless efforts to fully educate our children. And to Jimmy Ray Hubbard’s point, he had a master’s in English from the University of Chicago and an earned PhD from Michigan State University. Now, this “pearl” is/was definitely out of his shell. In fact, it makes us all nostalgic….wishing for the “good old days”, when the quality of our educational system was never in question. Lastly, we turned to another “pearl” that is nowhere near “out of the shell”. Yes, we all chimed in our luck-less, lifeless Kansas City Chiefs, After the shellacking they received Sunday by Tennessee, Ed West quickly said the Chiefs may only win two games this year. Booker, who is really happy these days, said the Chiefs are not worth a (four letter word). And we were all uniform in believing that Alex Smith is more like “costume jewelry” than a pearl. And everyone is still wondering why Jamaal Charles remained in his shell, all afternoon. At some point, we all became redundant and as usual, we began to repeat ourselves. So real quickly, the question was asked. . . “how will the Chiefs do against Denver on Sunday”. Well, I’ve never witnessed such laughter in my life. It was like Kat Williams or Kevin Hart had told a funny joke. Now folks, Denver is saturated with “all kinds of pearls”….Manning, a great offensive line, Vonn Miller, an effective secondaryand on and on. So except for two loyalists, all of us believe the Chiefs will be murdered by the Broncos. In fact, the mood switched from speaking highly about Dr. Jeremiah Cameron to a relentless cascade of tears for the sad Chiefs. And we left there, with the Chiefs’ pearls, still in their shell…… Dr. Charles Allen. A hope and a prayer. . . . Chiefs by 3 Paul Booker: K.C. cannot tame Denver . . . Denver by 14. Carl Clark: K.C. has no offensive line . . . Denver by 21. Ike Gardner: Weak corners and an even weaker defensive line . . . Denver by 28. Lloyd Greenfield: No line, no kicker . . . Denver by 14 Ollie Hubbard: Chiefs better perk up . . . Chiefs by 3 Jim Nunnelly: Not coming out this week . . . Denver by 30 Ed West: K.C. can’t tackle, can’t score . . . Denver by 21 Bubba Cleaver. 2 much Manning 2 manage. . . Denver by 14 Eric Wesson “Erica, E.J. Amanda and Bri’s Dad”:. . . Denver will exploit the middle of the field, the corners, special teams and coaching staff . . . Denver by 28 at least."
119072,"John Legend, Paul Booker And The 9-0 Chiefs John Legend wrote and dedicated a song to his recent bride. In that song, he just pours out his heart, telling her that “all of me loves all of you….your edges, your curves, and your perfect imperfections”. John Legend is saying that he realizes her love has some shortcomings, but he loves her deeply just the same. Now that’s just what most of us feel about our Chiefs. They have a perfect record but most of us are willing to live with their “perfect imperfections”. Some people even say the Chiefs are a fluke and are just waiting for them to show how imperfect they really are. But Paul Booker isn’t one of them. He’s been voting for the Chiefs all year long, despite voting against them all last year. But Paul is more supportive this year. Always a Chiefs’ supporter ever since he came to town, way back in 1966. A veteran of the Air Force and a graduate of Lincoln university, Paul is a very likeable educator, having taught at Woodland, Switzer, Southeast Middle, Greenwood and C.A. Franklin schools. And he is generally healthy and is recovering graciously from the loss of his wife a few months ago. So these days, he is just trying to “maintain” and keep going. So the Chiefs are giving him the “perfect boost” that he needs. Paul knows the Chiefs lack a consistent offense, even though the defensive unit is actually carrying the team. In spite of that, Paul expects the Chiefs to beat Denver on Sunday night. Yes, along with Ed West, Greenfield, Dr. Allen, Mrs. Banks and Ollie, Paul is predicting a long-shot victory over the Manning-led Broncos. But his former boss, Ike Gardner and his 6902 buddy, Carl Clark, believes the Chiefs will succumb and lose, out in the mile-high city Paul and the other Chiefs supporters are thinking 10-0 and a sure-shot for the playoffs and maybe even the Western Division championship. But, not so fast. Ike and Carl are quick to point out the Chiefs’ imperfections. They say Manning will get rushed, even sacked a couple of times..but he will burn the “imperfect” secondary all night. Conversely, both Booker and Cleaver remember the 100 yard interception return by Sean Smith and say proudly that the “perfect defense” will more than make up for any flaws in the Chiefs’ secondary. In fact, they say that “special D” has held all opponents to less than seventeen points, throughout all nine games. All in all, all of us love all of the Chiefs. And we know it will be something to behold, if the Chiefs win it all. And if they don’t, we will still support them, in spite of their “imperfectness”. The Denver Broncos will be playing hard because they didn’t expect such an upsurge from the Chiefs. So, all eyes will be on the Chiefs, this Sunday night. National television. Suspect commentators. Possible championships. And like John Legend, we hope that those edges and imperfections don’t show up. At least, not Sunday night: Dr. Charles Allen: says “why change? The Chiefs are winning” Chiefs by 10 Mrs. Mila Banks: It’s going to be a tight game, without a doubt. Chiefs by 3 Paul Booker: Chiefs will crank up the “imperfect” offense. Chiefs by 13 Carl Clark: I’ve been predicting against the Chiefs all year. Denver by 10 Bubba Cleaver: Chiefs won’t be out-MANNINGED. Chiefs by 3 Ike Gardner: The Chiefs’ perfect bubble will burst. Denver by 17 Lloyd Greenfield: Defense will come alive, no jive. Chiefs by 7 Ollie Hubbard: Chiefs will keep it going. Chiefs by 7 Jim “Grand Dad” Nunnelly: John Legend and Lisa Washington know about perfection. Chiefs by 1 Ed West: Chiefs have performed well enough to win and the defense will get to “Perfect Peyton”. Chiefs by 3"
345114,"Kansas City Chiefs vs. Denver Broncos 3:15 p.m., KCTV 5 Carl Clark (7) Denver by 14 Chiefs are going in the ""right"" direction (downward)! Bubba Cleaver (6) Denver by 10 Broncos kicking the Chiefs for the second time! Ike Gardner (6) Denver by 17 Chiefs have forfeited their credibility! Ed West (6) Denver by 14 Chiefs waiting to exhale! Paul Booker (5) It’ll be a MILE-HIGH event! Lloyd Greenfield(5) Denver by 3 Len Dawson for offensive coordinator! Jim Nunnelly (5) KC by 3 Gonzalez, Parker, Smith and Allen say the buck stops here! Charles Allen (4) KC by 3 Chiefs still have a shot at second place! The Chiefs, St. James, and Ten Dead Flies Ike, Carl, and Ed all attend St. James United Methodist Church. In fact, when it comes to activities, their church ranks second-to-none. Now what does that fact have to do with a bunch of old men, talking about football every Monday night. Unlike most other Monday nights, the conversation, chatter and commentary have slowly drifted away from the Chiefs. That’s because the locals keep losing and it is senseless to keep boarding a sinking ship. Thus, these chatters are scrambling to find something good to talk about. A frustrated minister, Ike out-of-the-clear-blue asked if New England would go undefeated in 2007? Unlike Carl, Ike and Ed quickly said that the Patriots would certainly go unbeaten. Every one else, including Greenfield, Booker and Dr. Allen, felt that New England would lose at least one game. Ideally, they all would be chatting about the Chiefs if it weren’t for this tag-team we call the Chiefs. But, like so many other fans, these Monday Niters have switched their conversational loyalties. . .this time to arguably the best team ever in the history of the National Football League. And this Sunday, the no-loss Patriots will take on the Pittsburgh Steelers, a perennial contender. It will be “the” game-to-watch. Brady will be Brady and somehow, just like against Baltimore, the Patriots will emerge at 13-0. For the record, all of these guys, except Dr. Allen and me, think that Broncos will annihilate the Chiefs on Sunday in Denver. And then Sunday evening just after “60 Minutes”, they will all go back to talking about St. James or something else that’s positive. That’s because the Chiefs ain’t worth ten dead flies. Go Patriots, go!"
125309,"Monday Niters Marvin Gaye, VIPs, And The Chiefs Marvin Gaye is best known for his smash hit song, “Let’s Get It On”. But my favorite, Marvin Gaye song is “Inner City Blues”. In this seventies song, Marvin highlights what it’s like to be an outsider and a non-participant in the American dream. In fact, at one point in the song he screams. . . “makes me want to holler and throw up both my hands”. Well, given the last few seasons, the Chiefs have sure made a lot of fans “holler and throw up both hands. But, there is a new sheriff and deputies in town and let’s just wait and see what if we can lower our collective hands. Okay, it was important for me to say that first. Speaking of importance, the Monday Niters were special guests of the Kansas City Chiefs this past Tuesday. Yes, the Chiefs treated us like we were royalty up at their training camp in St. Joseph. They gave us special parking passes, covered and cool sideline seating, lots of beverages, and a ton of material. . . all to emphasize that the 2012 Chiefs are no longer alive. They are dead. And in their place are notables like a new quarterback, Alex Smith and a first-picked, first-round offensive lineman named Eric Fisher. The new coach, Andy Reid, walked around the field like he had “star-trek” hope for these new, improved Chiefs. Joining from the past are the exciting Jamaal Charles, at running back and Dwayne Bowe, acrobatic receiver. This mix of old and new will get its first opportunity-to-impress tonight, against the New Orleans Saints, in a doesn’t-count, preseason game. But it does count for the Chiefs. If the Chiefs should lose, the fans will “holler” louder than before. And the renewed promise of a “new day” will slipper into the usual “hang-ups, let-downs, bad breaks, and set-backs”. And of course, there will be a designated player, appointed to tell the fans why we should believe that the Chiefs still deserve our support and that they “will” be better than last year’s 2-14 record. But, oh if they win! The “holler” will be converted into “screaming for joy”. The hang-ups will be reduced. The let-downs will be lifted up. The bad breaks will be forgiven. And the set-backs will be forgotten. And we will look forward to the regular season, with “red colors” draped all over us. But, like a line in Marvin Gaye’s song says, “only God knows where the Chiefs are headed”. We sure don’t. Monday Niters who were VIPs at the Chiefs’ training camp, August 6 included Dr. Charles Allen, Paul Booker, Carl Clark, Ike Gardner, Lloyd Greenfield, Jim Nunnelly and Ed West. Also on the guest list were Robert Allen, Clancy Parker, Joe Webster, Sanders Martin, and Ron Walton."
68932,"Monday Nite Footballers Predictions By Jim “Grand Dad” Nunnelly Predicting Since 1970 Charles Allen Chiefs by 10 This week, defense is for real Paul Booker (2) Chiefs by 7 It is a ‘must win’ situation Carl Clark Chiefs by 7 They gotta win sometimes Bubba Cleaver Chiefs by 14 A campaign promise! Ike Gardner (2) Chiefs by 1 The Lord is merciful! Lloyd Greenfield Chiefs by 3 Two losses, 14 more chances to win Ollie Hubbard (1) Houston by 10 Still, I want to know ‘what’s going on’ Jim Nunnelly Chiefs by 21 Blind beating the blind Ed West Chiefs by 10 Weak against weaker Kansas City Chiefs vs. Houston Texans 12:00 p.m., KCTV 5 Predictions (Wins In Parenthesis) Chatter, Conversation And Commentary Seven teams have lost their first two games. Unfortunately, one of those teams is our Kansas City Chiefs. What’s more is we are still expecting the Chiefs to be 2-0, like they were this time, last year. Speaking of last year, we were all worried up about Priest Holmes’ hip. You will remember he was not supposed to play at all and he just got well and became the NFL’s top touchdown producer. Well, now it’s his knee and ankle. Priest was hurt on a play that bent him backwards and thus, he was held out the remainder of the Carolina game. While Priest’s health is something to talk about, we are still wondering why he was not in the game on the fourth down play, against the Panthers. A guy who is the franchise player. . . who is the best scorer in the entire league. . . has a burst of speed like no other Chief in history (except Mike Garrett). . . and Vermeil chose to go to a second stringer. Hmmmmm. Five days later, and there still is no reasonable explanation why Priest was not in the game. Maybe there was another injury or just plain bad coaching. Speaking of injuries, the wide receiver corps is affected again. Kennison and Morton are probable for this week. That means they will play. Who is their right mind would not play Kennison, the only deep threat the Chiefs have? Look for (Kennison) to lead the Chiefs to their first victory, this Sunday out at Arrowhead. Guest Erik Stafford Houston by 3 Chiefs just suck!"
342350,"Monday Nite Footballers Even Ike (Gardner) and that (Paul) Booker did not believe the Chiefs would lose 12 games. Those “two” plus Ed West and Carl Clark thought the Chiefs would break even at 8-8. Then, Lloyd Greenfield and even Congressman (Bubba) Cleaver joined the Haters, and began to predict their irreversible demise, especially after losing to lowly Oakland. And just think, they finally listened to the Monday Niters and got rid of (Mike) Solari, the offensive, offensive coordinator. And to remove all vestiges of a winning, (Dick) Vermeil era, they erased (James) Saxon and (Charlie) Joiner as assistants. Now, ol’ Herm (Edwards) and (Carl) Peterson will have their own draft and their own coaches. In plain English, they slickly blamed the disastrous 4-12 season on the assistant coaches, especially those that worked for the “town crier,” Vermeil. So, that means ol’ Herm and Emperor Carl will be in total charge of everything, alone and uninfluenced. So, we, as fans, can now hold them fully responsible for all that happens or doesn’t happen in 2008. Reluctantly, let’s give this ineffective duo another chance. Now, we all start out as fools and become wise through experience. If that African proverb is true, both Carl and Herm ought to share the King Solomon Wisdom award next year. Maybe, they can make Dr. Allen’s 11-5 prediction more likely. All jokes aside, 2007 is all over for Kansas City and now we must all throw our support to the San Diego Chargers and the Indianapolis Colts. That’s because the New England Patriots are about to go all-the-way. See ya on Super Bowl Friday."
119954,"First Lady Mila Lewis Banks, Unchanging Things And The Chiefs Mila Banks threw her own 100th birthday party, over at the Marriott at 45th and Main last Sunday. About 400 former students, fellow educators, and Christian friends stood in line to congratulate such a remarkable woman. And at the dinner party, we, Monday Niters and wives attended and, were represented by cantankerous Ike Gardner. It was Ike’s idea to make “Ms. Banks” an honorary Monday Niter. That’s because she is a loyal reader and a good friend to so many of us. So, Ike presented her with a trophy and told that crowd that she will be making her Chiefs’ predictions, right along side ours. But last Monday night Gen Greenfield prepared a dinner of fresh sweet potatoes and freshly fried fish and a phenomenal salad. Who could argue about anything, with a meal like that in front of you? So the Monday Niters, along with the Go-Along group spent the entire night, talking about how African Americans have been failed by various educational ploys. Here is how some of the conversation went. After that, we will give our predictions on the Buffalo-Chiefs game, coming up Sunday in Buffalo. Ms. Banks will make her prediction, as well. Here goes: There was a time in Kansas City’s history when students coming from the Deep South were routinely put back a grade. Also, during segregation days, black children from Independence, Excelsior Springs and Pleasant Hill were bussed into the Kansas City Mo., School District. Well into the sixties, there were still one-room schools in the state of Georgia. In the Bootheel of Southeast Missouri, black students were bussed up to 60 miles each day to attend school. Because cotton was “king”, black kids went to school in “split sessions” i.e. their school year was interrupted to allow for the picking and chopping of cotton. Ms. Banks attended school in Mount Vernon, about 46 miles west of Springfield, Mo. Because of its erudite faculty, Lincoln High school was rated highly nationwide. Earning college credit while in high school is not a new thing. This was done in the sixties through such great educators like Jeremiah Cameron, Neal Herrford and Chester Anderson. Dr. Charles Allen attended Sumner Elementary and Ike, Carl and Lloyd attended, Wendell Phillips way back in the thirties and forties. Ed West attended school in Osawatomie, Kansas and Jim Nunnelly attended segregated schools in Columbia, Mo. Ms. Banks received unexpected help with her tuition to Lincoln university, way back in the thirties. Today, educating black kids is still an issue in Kansas City.Students who want to leave the unaccredited Kansas City, Mo., School District to attend a nearby accredited school district, are met with the problem of who is to pay for all of this.....the more things change, the more they stay the same. Not so for the Chiefs....they will be 9-0 at the end of the day, Sunday. Here are our thoughts about the Chiefs: Mila Lewis Banks: Chiefs by 10 Dr. Charles Allen: Chiefs by 10 Paul Booker: Chiefs by 3 Carl Clark: Buffalo by 3 Bubba Cleaver: Chiefs by 7 Ike Gardner: Buffalo by 3 Lloyd Greenfield: Chiefs by 7 Ollie Hubbard: Chiefs by 10 Jim “GrandDad” Nunnelly: Chiefs by 2 Ed West: Chiefs by 10 Joe Webster: Chiefs by 6 Rick Davis: Chiefs by 10 Willie Humphrey: Chiefs by 7 Paul Knight: Chiefs by 11 Marshall Robinson: Chiefs by 9 Mike McNeil: Chiefs by 12 Sander Martin: Chiefs by 14"
118535,"Bright Lights, Big City And The 9-1 Chiefs Do you remember that old time blues song, “Bright Lights, Big City”? Well, this was a song that was sung by a man from a small town, who was crying about his girlfriend, who had gone to the “big city” and no longer needed or loved him. In fact, the song says….”bright lights and big city, they went to my baby’s head”. And that’s exactly what happened to the Chiefs last Sunday night. All the hype and national headlines just messed the Chiefs up. Here’s a 2-14 team last year, hearing daily how they lost all last year and now are on top of the entire National Football League and undefeated on top of that. That was just too much for the Chiefs to handle. They got caught up in the “bright lights” and lost badly to Denver. Now, let’s hope they return to normal and beat the 4-6 San Diego Chargers. Now, that the lights have been turned off, let’s see if they can win number 10 out at Arrowhead Sunday. But big praise should go to Ike Gardner and Carl Clark, for seeing through all the hype, They knew the Chiefs would fold, with the eyes of the world on them. So, we all had to kiss their rings for seeing through the “offense-less” Chiefs. . So the song, “Bright Lights, Big City” set off a conversation about the singers of the fifties, sixties and seventies. It was remarkable how sharp these old minds were in remembering all the artists of days gone by. Some of those top names were, Sonny Thompson, Lula Reed, Ruth Brown, Etta James “Annie Had A Baby” by Hank Ballard and the Midnighters, ”I Only Have Eyes For You” by the Flamingoes, Lou Rawls, Johnny Taylor and Sam Cooke all former lead singers from the gospel group, the Soul Stirrers, Fontella Bass, Little Willie John and “Fever”, Ike and Tina Turner, Jackie Wilson’s “Lonely Teardrops”, Fats Domino and The Dominoes, The Moonglows. and on and on. Before you knew it, we were all drifting back so far…that we either fell asleep or forgot we came to watch a football game and talk about the Chiefs and their first loss. Then we woke up and remembered that we had to make our predictions. Here’s how we think Sunday’s game will go. Dr. Charles Allen: Embarrassed, but K.C. will beat the Chargers.Chiefs by 14 Mrs. Mila Lewis Banks: Going to Kansas City, here I come. Chiefs by 7 Paul Booker: Phillip will be sent up the Rivers. Chiefs by 10 Carl Clark, Denver exposed K.C’s weaknesses. Chargers by 7 Ike Gardner: Don’t worry about the alligator in the pond down the road. Chargers by 7 When your foot is in the middle of a snake pit. Lloyd Greenfield: K.C. has a debt to pay and they will settle it. Chiefs by 7 Ollie Hubbard: Praying for Kansas City, Chiefs by 3 Jim Nunnelly: I know it’s gonna work out fine (Ike Turner). Chiefs by 17 Ed West: Welcome home to the 12th man (the crowd). Chiefs by 7 City……………………………….Chiefs by 3"
305456,"Monday Nite Footballers Predictions By Jim “Grand Dad” Nunnelly Predicting Since 1970 Kansas City Chiefs vs. Cleveland Browns 12 p.m., KCTV-5 Predictions (Wins In Parenthesis) Charles Allen(8) Paul Booker (7) Carl Clark (8) Bubba Cleaver (8) Ike Gardner (6) Lloyd Greenfield (8) Ollie Hubbard (8) Jim Nunnelly (8) Ed West (7) Chatter, Conversation And Commentary"
292507,Monday Niters Kansas City at Oakland 3 p.m. KCTV 5 DR. CHARLES ALLEN Chiefs by 10 Disappointed PAUL BOOKER Oakland by 14 Desperation! CARL CLARK Oakland by 7 Chiefs still don’t have good coaching BUBBA CLEAVER Chiefs by 14 Battle of the worsts IKE GARDNER Oakland by 30 No Comment! LLOYD GREENFIELD Chiefs by 10 Still hoping! OLLIE HUBBARD Toss-up Raggedy!
78824,"Monday Nite Footballers Predictions By Jim “Grand Dad” Nunnelly Predicting Since 1970 Paul Booker KC by 7 Miracles DO happen! Carl Clark KC by 7 Colts' defense sucks! Bubba Cleaver Indianapolis by 7 Too much Manning! Dr. Charles Allen KC by 7 Just as I predicted! Ollie Hubbard KC by 6 Pure luck! Jim Nunnelly Chiefs by 1 Kennison, Johnson mesmerize Colts Ed West KC by 7 LJ, all the way! Ike Gardner Lloyd Greenfield KC by 7 A chance of a lifetime! Chatter, Commentary, Conversation Where are the haters? Did they follow Beyonce's command and put everything in the box to the left? Now, that the Chiefs are in the playoffs, the haters are saying that the Chiefs are just lucky. That Booker and Hubbard are acting like they have been Chiefs' supporters, all along. Fact is that have been among the big-time haters (that is until recently). Now, they are predicting that the Chiefs are going to win on Saturday, against Tony Dungy and the Colts. And to my surprise, that Cleaver guy is actually joined up with Ike and they both believe that the Colts will beat the ""luck"" out of the Chiefs. And joining the these recovering haters are the national commentators. They, too, did not think the Chiefs would get into the playoffs, especially since it took Tennessee, Denver, and Cincinnati to lose...for the Chiefs to make it in. But, like Herm, the Chiefs won and that's it. But, these commentators are saying that because of the Colts' weak run-defense, the Chiefs just may have a chance. Wrong! The Chiefs have just a good a chance as any other playoff contender. And if given half a block or two, Larry Johnson could just decimate the Colts' defensive line. And given half a quarterback, Kennison could just crucify the Colts' secondary. Now, forgive me y'all...but I did say ""could"". And as that turn-coat Cleaver alertly points out that Manning and Harrison are still the top quarterback-receiver duo in NFL history. And if the Chiefs' ""iffey"" defense is up for the challenge. . . just maybe the Chiefs will contain Indianapolis' passing attack and go on to the next round. But, in the words of Beyonce......the haters must put everything they own in the box, to the left. To the left...to the left......... Kansas CIty Chiefs vs. Indianapolis Colts, 3:30 p.m., KSHB TV 41 indian 12:00 p.m., KCTV 5"
300144,"Monday Nighters It’s Friday and we are still gloating over the Chiefs victory over Denver, last Sunday. It seems like it was a dream and soon we will all wake up to reality. . . that the Chiefs will return to their losing ways, this Sunday against Carolina. Most of the guys felt like Carolina will topple the Chiefs and Herm Edwards will return to his confusing testimony about the plight of the 2008 Chiefs. By the way, did you notice how ol” Herm hugged Larry Johnson after the last Kansas City touchdown. He whispered in Larry’s ear “thanks for saving my job, man”. And then later, Carl Peterson came out of his suite and said essentially the same...”you gave me one more year, LJ..I apologize for putting you on the bench”. No doubt about it LJ saved the day for these two. Already the St. Louis Rams have fired their coach. And guess who is next if we don’t play well against Carolina? But last Monday night, we spent most of our time talking about the how our old-time teachers influenced us. Thus, we remembered them. DR. CHARLES ALLEN: Thinks the Kansas City School District suffers from negative press. . . thanks his former teacher, Luke Ponder for clearing the path for him to attend college on an acting scholarship. . . acting or not, Charles thinks the Chiefs are in a winning mode..Chiefs by 7 PAUL BOOKER: Sometimes called the Apostle Paul. . .Thinks that more parental involvement is needed. . . believes the Carolina moon will not shine on the Chiefs...Carolina by 13. CARL CLARK: Is a proponent of teachers taking tests for certification. . . is a stickler for accountability. . . in or out of trouble, begs the Chiefs not to get too happy because they are still losers. . . Carolina by 14 IKE GARDNER: Grandson Isaiah often sings at St. James...says that when kids are going to private schools, they are saying that education is a valued asset. . . likes Christmas but believes Santa only comes once a year for the Chiefs...Carolina by 17 LLOYD GREENFIELD: Feels the teaching curriculum needs to be upgraded...and teachers ought to go back to basics in education. . . .thinks the Chiefs can lose all the games...Carolina by 7. JIM NUNNELLY: Favorite teacher was the school secretary, Beulah Ralph, who taught him about school administration...took time with him...believes principals needs executive coaching to achieve goals. . . .corporate or not, the Chiefs will win their second game in a row because the defense will give Larry Johnson more opportunities. . .Chiefs by 10 ED WEST: Feels the Chiefs will start another losing streak against Carolina. . . feels that teachers pre-judge most black kids without really knowing their assets. . . Chiefs won’t overcome losing label. . . Carolina by 14. OLLIE HUBBARD: Need to increase the amount of homework, especially in math and reading. . . homework is instruction hours and they help out in test scores. . . parents must help. . . last week, the Chiefs made it sooooo goooooood, let’s keep it up. . . Chiefs by 14 BUBBA CLEAVER: In Washington this, dealing with the bailout. . . voted against first package because it did not contain enough provisions to help everyday people.. . . is actively campaigning on behalf of Obama. . . thinks the Chiefs’ win over Denver was a fluke. . . thus, Carolina by 10."
120892,"Ed “DOZING” West, Technology, And The Chiefs Ed West is by far the most knowledgeable and most practical Monday Niter. Between naps, he always lends facts to our highly opinionated discussions. All he does is pull out his Iphone and recites the facts. And that technological move silences the voices of those who are just talking to hear themselves talk. Ed learned about computers at an early age. He was a manager at the old Western Electric Plant, out in Lee’s Summit. Further, Ed was once the executive in charge of Citizens’ Complaints of the Police department. His knowledge about technology, coupled with his commitment to listening to citizens is a major reason for his widespread, community support. He is respected, admired and often called on to address personal computer issues among his friends. In addition, his Monday Niter friends agree with him when he says the Chiefs are just as good as Denver. In fact, he pulled out his computer and concluded that except for Baltimore, the Chiefs and Denver have played the same teams. However, he does concede that Denver has beaten their opponents by wider margins. Bottom line.....six victories is six victories...no matter who the team is. But let’s look in on the proceedings from a great Monday night, with the Monday Niters. Here’s some highlights of the long discusions: Dr. Allen is still persistent about Alzheimer’s and caregivers. In fact, he thinks this research tax must include something about care-givers. More on this next week. . . Congressman Cleaver calls Booker from Washington, just to check on him....Jim Randall, Booker’s neighbor, drops in. . . Ike, Dr. Allen and Booker talk about their days at Niles Home. . . Ed West nods. . .Why aren’t the Chiefs throwing to Dwayne Bowe?. . . Chiefs cannot beat Denver, period. . . Josh Freeman of Grandview will eventually become the starting quarterback for Minnesota. . . Ed is snoring loudly now. . . The Chiefs are running Jamaal Charles to death. . . San Diego always folds down the line. . . remember it was the Baltimore Ravens who beat Denver last year and won the Super Bowl. . . the way the Republicans are acting is paving the way for Hillary Clinton to be President..Carl and Lloyd talk about how many of their classmates have died. . . Cleaver says that “it is crazy up here in Washington”. . .but he’s hanging in there. . .Dontari Poe is doing his thing as the Chiefs’ nose tackle. . . Chiefs lead the league in defense. . . so what will the Chiefs do against the Houston Texans, out at Arrowhead on Sunday? Dr. Charles Allen: KC is in the easy part of their schedule. Chiefs by 14. Paul Booker: KC has a better defense. Chiefs by 7. Carl Clark: KC is weak on offense. Houston by 3. Ike Gardner: Same plague that struck the Giants struck Houson. Chiefs by 7. Lloyd Greenfield: KC’s offense will step up Sunday. Chiefs by 3. Ollie Hubbard: Lincoln University could beat these Texas cowboys. Chiefs by 7. Jim Nunnelly: KC has All-Pro Defense. No losses until Dennver.Chiefs by 17. Ed “Awake Now” West: KC has superior defense and a great crowd.Chiefs by 10. Walt Youngblood: It’ll be a defensive struggle Chiefs by 3.Jim Randall: Homefield advantage Chiefs by 14 Clancy Parker: .Following Doc Allen. Chiefs by 7."
346550,"Carl Clark (6) KC by 14 New quarterback causes positive change! Bubba Cleaver (6) KC by 10 Raiders no longer raid! Ike Gardner (5) KC by 3 God is good! Lloyd Greenfield (5) KC by 7 We can beat Oakland, simple! Jim Nunnelly (5) KC by 10 Brodie and Bowe hook up! Charles Allen (4) KC by 14 Must make up for the losses! Paul Booker (4) Oakland by 3 Chiefs, no confidence! COMMENTARY, CONVERSATION AND CHATTER Chiefs: the best of the worst or the worst of the best? Let’s give it to the Chiefs. They played half-way respectably against the Colts. The defense has developed and for the most part, they “hung in there”. But the Chiefs’ problems are far beyond the struggling offensive line and the newly-appointed quarterback. It goes much deeper than that. Either the Chiefs are the ""best of the worst"" or they are “the worst of the best”. Either way, they have failed to convince anyone that they are serious contenders. Just reflect on how the national sportscasters ignore us completely, preferring to show highlights of our opponents. That alone tells you that no one thinks the Chiefs are important enough to even mention. At 4-6, we will again struggle in December to make it to a .500 season. And you will remember that we really didn’t make the playoffs last year. Through a series of luck, we fortuitously landed into the playoffs, only to be ousted quickly. And so let’s start thinking about 2008. Or if you are not ready for that, let’s start looking to who will represent the AFC in the Super Bowl. Will it be undefeated New England or badly-shaken Indianapolis? And start looking at Dallas and Green Bay. Now those are complete teams, combining defense and offense and special teams. Perhaps the Chiefs ought to relinquish all their games and instead, allow these teams to mentor them in the art of winning. If they do that, maybe they will grow and mature into a respectable NFL franchise. So, as the holiday season starts, relieve yourself of any fancy thoughts about the Chiefs. Instead, transfer your loyalty to one of the real teams. That way, you will have a great Thanksgiving. Something the Chiefs cannot give you, this year."
57667,"Monday Nite Footballers Predictions By Jim “Grand Dad” Nunnelly Predicting Since 1970 Charles Allen Chiefs by 7 Broncos' spoiler Paul Booker Denver by 7 Desire-less Carl Clark Chiefs by 7 Taming the Broncos Bubba Cleaver Denver by 10 In D.C. I'm homeless; In Arrowhead, Chiefs are defense-less! Ike Gardner Denver by 7 Chiefs have no defense Lloyd Greenfield Chiefs by 1 Can't believe I still believe Ollie Hubbard Denver by 10 There'll be a Bucking good time Jim Nunnelly Chiefs by 7 Johnson breaks yet another record Ed West Denver by 20 No pass defense*as usual Kansas City Chiefs vs. Denver Broncos 12:00 p.m., KCTV 5 Predictions (Wins In Parenthesis) Chatter, Conversation And Commentary Well, Monday night, the Chiefs against Tennessee did not fold. And that's a good thing. Those of us who are disillusioned optimists, might say*.the Chiefs are undefeated in December. This statement begs the question*.. ""what does that mean"". Absolutely, nothing. But, it does say loudly that some bad coaching occurred, somewhere. For how can a running back be near-released one week and run two 40-yards-plus touchdowns on another. Where has Johnson been and why hasn't he been playing? Who held him back? Was it all because he responded to a coach's inappropriate comments? We really do know what the deal is, don't we? And not to dwell on the past, Larry Johnson should let his legs do the talking*at least from now on. And with that is a lesson*. . . one cannot antagonize and persuade at the same time. You can't be at odds with the coach and expect to play. Which reminds me*.all is well with the two of them, now. Especially, since Johnson is running as well as the venerable Priest Holmes. More important, he is really saving someone's job. Ain't it funny how things change?"
13061,"MERRY CHRISTMAS FROM MONDAY NIGHTERS. . . Shown from left to right, first row, Ed West and Lloyd Greenfield. Second row, Ike Gardner, Carl Clark, Paul Booker. Third row is Jim Nunnelly and Charles Allen. Not shown, Ollie Hubbard."
275409,"Monday Nite Footballers Predictions By Jim “Grand Dad” Nunnelly Predicting Since 1970 Charles Allen (12) Chiefs by 14 Just no match for the Chiefs Paul Booker (11) Chiefs by 14 Ain’t no stopping us now Carl Clark (12) Chiefs by 10 Get somebody in Warfield’s place Ike Gardner (12) Bears by 3 All the Chiefs draft choices are defensive Lloyd Greenfield (11) Chiefs by 10 That the defense will rise to the occasion Ollie Hubbard (12) Chiefs by 12 Chiefs will hunt the Bears with a switch Jim Nunnelly (12) Chiefs by 20 Lions, Bears, who cares? Ed West (12) Chiefs by 14 Resolve not to any 100-yard rushers Chicago Bears vs. Kansas City Chiefs 12:00 p.m., KCTV-5 Predictions (Wins In Parenthesis) Chatter, Conversation And Commentary Well, well. With New Year approaching, it signals the start of the “road to the Super Bowl”. Isn’t it strange that the Chiefs are actually in the mix? For so many yeaars, we, fans have waited and waited and now, we are in the playoffs. Arrogant sportswriters are saying we are the “weakest link”, reviewing our schedule and predicting an early demise in the playoffs. But, the Chiefs have demonstrated repeatedly, that they can win, with just an average performance from the defense. So, we asked the Monday Niters what should the Chiefs wish for in 2004? Lloyd Greenfield wanted the Chiefs to rise to the occasion. Ed West smiled a sneaky smile and wished that the Chiefs would not permit any 100-yard rushers (not even in the playoffs). Carl Clark just wants a secondary, without Eric Warfield in it. Cleaver, Booker, and Allen believe the Chiefs are ready for prime-time and can win, with what they currently have. But, ol’ Ike wants next year’s draft, devoted exclusively to drafting the best defensive players in the country. Ike may not have his way, for with this remarkable record, the Chiefs will be picking last, unless there are trade deals. Anyway, the Chiefs have done and wil continue to excel, especially in early 2004. How far they will go?. . . We will see!. . . Won’t we? Happy New Year. Bubba Cleaver (13) Chiefs by 18 Chiefs will BEAR it all"
98110,"Chiefs, Not At All Like Beyonce Beyonce in her new album says “I woke up like this”. That means she was not taught, nor did she acquire any of her great talents. Inferentially, she is saying that she was “born” with such entirety. Let’s see how that applies to the Chiefs, after their rather surprising win over Miami. But before that, let’s record what happened over to Paul Booker’s house recently. First, we talked about the upcoming community conversation about Health. Sponsored by the Healthcare Foundation, this big conversation will take place on October 11, down at the Sheraton Hotel in Crown Center. Everyone can come but you must register. More important, all of the Monday Niters will be there, expressing their views on behalf of the central city elderly. So, the guys just gave a sample of the things they will promote and say, during this high-tech conversation. Dr. Charles Allen and Paul Booker want to see more health programs, addressing mental health and Alzheimer’s disease. And Ike Gardner, Lloyd Greenfield and Carl Clark expressed the critical need to address diabetes. They say that this diabetes thing is rampant and will speak collectively for those thousands of uncontrolled diabetics. And Ed West chimes in about the need for nursing home reform and the lack of adequate health insurance among our elderly brothers and sisters. In fact, the Monday Niters will be working with elderly organizations like the Palestine Senior Citizens Center to get their support. It is the goal to have fifty central city elderly persons at that conference. The business, at hand, is clear. Speaking of business, the guys started reminiscing again. Last week, it was about health care providers. This year, they switched to entrepreneurs of the past. Here are some of the names that emerged from the early Kansas City days:. G.L. Blankenship (beauty products); George and Ollie Gates (barbq); Madame C. J. Walker (cosmetics); Fannie Meeks (funeral services); Sarah Rector (real estate); Everett O’Neal (security); Earl Pitts (tire company); Leon Arnold (real estate); Chuck Wimes (mortgage lending); and Roy Walker (electrician). These brave men and women really set the tone for Kansas City’s rise to international fame and are the maverick heroes of our past. Speaking of heroes, the Chiefs had several, last week in their win over Miami. Knile Davis ran wild, making us think that Jamaal Charles had better get well quick. And certainly, McKnight was a pleasant surprise, catching two touchdown passes. And the defense showed that there is some hope that they will jell, some day. But the real message is not at all like Beyonce’s. The Chiefs were not born, like they played Saturday. It is and has been a struggle, every step of the way. Eleven starters hurt. A bunch of undrafted no-names. A highly-paid but inconsistent quarterback. An ineffective offensive line. All of this adds up to a severe lack of “entirety”. Up till now, the Chiefs could and would not impress Beyonce, at all. Now, Denver and Seattle have that Beyonce-like- entirety, displaying “seasoned excellence”, on every down and every Sunday. The Chiefs only have to dream about this kind of play. So let’s not get too happy over last Sunday’s win. That’s because the New England Patriots will be coming to town Monday, playing the Chiefs before a nationally televised audience. And they Patriots will be playing like Beyonce sings and dances, repeating to themselves often that “they woke up like this”. Like Mila Banks, we all hope the Chiefs will continue upward. But who knows about those Chiefs? They are quite “sometimey” and they can change in a New York minute. But, here’s what the guys think will happen at Arrowhead on Monday night: Dr. Charles Allen Patriots are not what they used to be Chiefs by 10 Mila Banks Really hope this winning continues Chiefs by 10 Paul Booker The Brady factor is real Patriots by 14 Carl Clark KC’s offensive line is still limited Patriots by 14 Bubba Cleaver By Tuesday morning, both teams are 2-2 Chiefs by 10 Ike Gardner Little boys are not ready for the Big Boys Patriots by 17 Lloyd Greenfield On a wing and a prayer Chiefs by 10 Ollie Hubbard Like Donna Summers, K.C. will survive Chiefs by 7 Jim Nunnelly Like Jay Z, the Chiefs find the Holy Grail Chiefs by 3 Ed West Offensive weapons return Chiefs by 1"
123647,"Beyonce, Giselle, Community Issues And The Chiefs Beyonce is known world-wide for her unforgettable songs. In fact, she has sold over 118 million copies, over a 15 year period. And she just turned 32 on Wednesday. Fit, pretty, and business-savvy, Beyonce has whaled out singles like “Irreplaceable” and “Baby Boy”. But before we talk about how one of her songs relate to the Chiefs, let’s look in on the Monday Niters and see what they think about the issues in our community. Dr. Charles Allen thinks that Alzheimer’s disease is so powerfully important in our community. Paul Booker, Ed West, and Carl Clark all are interested in police and safety activities. Ike Gardner adds unemployment to the list while Jim Nunnelly feels that mental health delivery system needs vast improvements. But while we will talk more about these issues as the season progresses, let’s now turn our attention to the biggest conversation in town. Will the Chiefs win more than two games, this year? Well it all starts Sunday, against the Jacksonville Jaguars. Armed with a new quarterback and a rebuilt offensive line, the Chiefs will probably win, down in Florida. Dr. Allen, Paul Booker, Ike Gardner, Ollie Hubbard, Jim Nunnelly and Ed West think that the Chiefs will get off to a good start. But, Carl Clark says that the Chiefs will never be on top, again. Thus, losing against the Jaguars. Speaking of being “on top”, Beyonce’s number one song was “You Put My Love On Top”. Now that is the question that we are all asking, after the dismal showing by the Chiefs, over the years. Will the Chiefs put Kansas City on top? Most of us are as skeptical about the Chiefs, as we are about the issues facing our community. So, let’s take advice from our ancestors...Let’s just take one game at a time. And wait to see if the Chiefs have been listening to Beyonce Giselle Knowles."
340336,"Monday Nite Footballers Predictions By Jim “Grand Dad” Nunnelly Predicting Since 1970 Kansas City Chiefs vs. San Diego Chargers 12 p.m. KCTV 5 Game Prediction (Wins In Parenthesis) Charles Allen Paul Booker Carl Clark Ike Gardner Lloyd Greenfield Ollie Hubbard Jim Nunnelly Ed West Robert Smith Jon Gray Chatter, Conversation And Commentary Bubba Cleaver"
238583,"Donnelly College Offers Scholarship Information Night Donnelly Colege will offer a Scholarship Information Night on Monday, Feb. 16, from 6:30-8:30 p.m., in the first floor Meeting Room. Participants need to make a reservation by calling (913) 621-8700. At the session, students will learn how to get free money to attend Donnelly College. Presenters will explain how to apply for Presidential and Bloch Scholarships which cover tuition, fees and books. They will also learn about federal Pell Grants and Kansas comprehensive Grants for low-income students. All students with a GPA of 2.5 or above, who participate in the Scholarship Night, will be awarded a minimum scholarship of $500 to be used at Donnelly College for tuition not covered by grants. “Limited financial resources are no obstacle for attending college,” said Sister Mary Agnes Patterson, Donnelly Vice-President. “There are grants and scholarships available for those who qualify. And starting at a local college like Donnelly saves students the cost of living in a dorm and allows them to work part-time.”"
220637,"Monday Nite Footballers Get Ready For Mystical Season No one knows what these Chiefs are going to do this season. Everyone is so righteously caught up in the training camp move to St. Joseph, as if where a team practices wins football games. Nah, it ain’t happening. It still counts what happens on the field, starting the second week in September. But, we Monday Niters are admittedly getting swooped up by the hype. As the guys gather every Friday at a local club, the Chiefs and the 2010 season dominates the discussion. Of course, the oldies but goodies music helps them reminisce about the good old days, when the Chiefs really were Chiefs. . . not Chefs. But here is some of the pre-season chatter going on at 69th and Prospect. TRIVIA QUESTION FOR THE WEEK: What teams played in the last Super Bowl? 1) Ed West is steadily teaching his fellow Monday Niters about technology. Armed with a i-phone, Ed is able to respond quickly to any football question that needs a quick answer. Where there once was arguments, now it is a simple...talk-into-the-phone and within a few seconds, there is a bona fide answer. He also got Carl to buy one of those nifty phones. And Ike even bought a laptop. So did Nunnelly. And Booker is actually going to Best Buy every week to look at one. 2) All the talk this week is about the upcoming weekend Hall of Fame game. You know the great Jerry Rice, Emmitt Smith and Floyd Little are being inducted into the NFL Hall of Fame. What else can be said about Jerry Rice that hasn’t been said? That is a heck of a thing..that Hall of Fame in Canton, Ohio. Carl Clark, Dr. Charles Allen, Lloyd Greenfield, and Ike Gardner have attended ceremonies there in years past. They recommend it for everyone. By the way, Floyd Little wore number 44, just like Jim Brown at Syracuse. He was a Pro-Bowler for five years, while in Denver. Those were the days when the Broncos were the doormat of the AFC. He waited 30 years to get to the Hall of Fame. Good things do come to those who wait. 3) This week’s Hall of Fame game is between the Cincinnati Bengals and the Dallas Cowboys. You might just see Romo hook up with TO. Maybe. And for sure, you will see whether Ocho Cinco still has it. Probably not. That game is Sunday night. 4) Been up to St. Joseph to the Chiefs’ training camp? If you go, pay for your parking. Do not take the “free parking” option. You will walk for miles, getting to the state-of-the-art training facilities. You will be moved by the university’s football field, as well as the Chief’s new digs. Matter of fact, the Chiefs’ store is in a tent, designed for you to visit....whether you want to or not. And given the heat, any additional walking is not good. Remember, take the paying parking. Or else you will be sorry. ANSWER TO THE TRIVIA QUESTION: Well, we know it wasn’t the Chiefs. But, it was New Orleans Saints and the Indianapolis Colts. The Saints beat the Favre-led Vikings and the Colts beat the Jets to get to the big game. By the way, look for the Colts to make Peyton Manning the highest paid football player ever. He is one of the few quarterbacks who has started every game since joining the NFL. Big, big bucks are on the way, Peyton."
143010,"Brandon Lloyd, Alicia Keys, And The Chiefs Did you hear about the butt-kicking New England handed the league-leading Houston Texans, last Monday night. We gathered over to Ed West’s, to watch what we thought would be a good game. It didn’t happen. The Brady Bunch slaughtered the Texans, 42-14, with Brady tossing four touchdown passes. On the bright spot is that game was Kansas City’s own, Brandon Lloyd. We remember Brandon’s high school days out at Blue Springs. From there, he went on to star at wide receiver, at the University of Illinois. And then, he has caught passes for the Denver Broncos, the St. Louis Rams and now the New England Patriots. Known for his acrobatic catches, this guy is “on fire”. It is not every receiver who has the best passer in NFL history as his passing mate. Look for more. Speaking of being “on fire”. Have you heard Alicia Keys’ latest CD, “This Girl Is On Fire”. It is selling like wildfire. If you have seen the video, she paints the story of a young woman, taking on the struggles and joys of life. Not to be outdone, she has to be “on fire”, just to make it. This song has rapidly become the spokes-song for millions of young women, adrift in this world. But, to me, her CD begs the question. . . who is NOT “on fire”. You guessed it. It’s the Kansas City Chiefs. Two buckets of gasoline and a box of matches won’t light up the Chiefs, these days. They have been down so long that “getting up” don’t even cross their minds. With only two wins again eleven losses, the network commentators don’t even comment on the score, demonstrating their neglect of and disdain for these Chiefs. In fact, talking about the Chiefs was so dull. . . that we found ourselves talking about Robert Griffin III. . . the old time Georgy Burger. . . how integration killed the economic spirit of 18th and 12th streets. . . Tom Brady’s record of a passing touchdown for forty two consecutive games. . . Charles Kynard, premier organist who played at the Blue Room in the sixties...how the post office, the school district and the automotive industry were the plum jobs of the ‘50s, ‘60s, and ‘70s. . . how Carl Clark ignored the state-line boundaries and found Mary Lynn in Kansas City, Kas. Actually, our discussion had more “fire” than the Chiefs have. In fact, our discussion soon landed into a healthy respect of years-gone-by. When we were all in one neighborhood and acted and thought unity. When our business owners were our neighbors and our churches were our uniform resource. Yes, when the Chiefs could walk on water, while being “on fire” at the same time. When being from Kansas City was something to behold. . . not to silently mention, in passing. Where did it all go? We don’t know but we wish we had those same pride-filled moments back. And it won’t get any better out in Oakland, this coming Sunday. The Monday Niters have given up on the Chiefs and all that they stand/stood for. Bottom line, the “fire next time” is a long time away. Charles Allen: I’m holding on. Chiefs by 3 Paul Booker: No joy in Muddville. Raiders by 10 Carl Clark: Chiefs are done! Raiders by 10 Ike Gardner: Chiefs will lose in the Black Hole. Raiders by 13 Lloyd Greenfield: Chiefs are a broken vessel. Raiders by 14 Ollie Hubbard: I’m praying at Ebenezer. Toss-up Jim Nunnelly: Fire is out for Romeo. Raiders by 7 Ed West: No Bowe, no go! Raiders by 10"
299325,"Reader Looks Forward To Monday Nite Footballers Editor, THE CALL: Each week during football season, I look forward to reading the “Monday Niters” predictions and the commentary by Jim “Granddad” Nunnelly. Mr. Nunnelly’s commentary in a recent “CALL” issue was particularly interesting as he told a little about each man in the “Monday Nite Footballers group.” Nunnelly is an excellent writer. He knows how to make words on a page come alive. Even though the “Monday Niters” lead varied lives with different professions, they enjoy commonalities that make them a cohesive group of remarkable black men. In a recent write-up, Nunnelly described these grandfathers of the group from Allen to West as: extraordinary, fantastic, effective, proud, steadfast, remarkable, complete, and encouraging. For what more could one ask? Monday Niters, “Keep on keeping on.” BRAVO!!. Terry Strother Burlington, Iowa"
300352,"Monday Nite Footballers Predictions By Jim “Grand Dad” Nunnelly Predicting Since 1970 Cincinnati Bengals vs. Kansas City Chiefs 12 p.m., KCTV-5 Predictions (Wins In Parenthesis) Charles Allen(9) Paul Booker (8) Carl Clark (9) Bubba Cleaver (9) Ike Gardner (6) Lloyd Greenfield (9) Ollie Hubbard (9) Jim Nunnelly (9) Ed West (8) Chatter, Conversation And Commentary"
148330,"Roberta Flack And Monday Niters: ‘Killing Me Softly’ Y’all remember Roberta Flack. She was quite the talk, back in the ‘60s and ‘70s. Her hit song, “Killing Me Softly”, found its way into all of our hearts and homes. But she sang another song, which is so appropriate for our “sinking fast” Chiefs. That song will be revealed after we talk a little about the New Orleans Saints, the Chiefs’ next opponent on Sunday. First of all, the Saints came into being as an NFL expansion team, back in the late ‘60s. Their rise to Super Bowl status has been phenomenal, especially since they had a rough, rough start. Some insensitive sportswriters once called them the “Aints”, owing to their winlessness. Now years later, we all have forgotten about those lean days and nowadays, always look to the Saints to be a contender to win the NFC South Division. Routinely now, they always play well against Division opponents like Atlanta, Carolina and Tampa Bay. But as of today, the Saints have not won a game, so far, this season. Some say it is the atmosphere. Recently, the Saints found themselves deep in controversy after the well-publicized bounty scheme. That fiasco left them without their head coach, Sean Payton, for all of this season. That penalty may well explain why the Saints are off to a rough start. But, what about the Chiefs? What can they say to explain another “shaky” beginning? What can the Chiefs do to make it all better? Actually, we, Monday Niters, believe the Saints will recover soon and start making championship plans. But not so for the Chiefs. Why is that so, you may ask. Well, this is where we talk again about Roberta Flack. Her “other” hit song was “The Closer I Get To You”. In that song, she is happy with the progress of her rising relationship. In fact, she proudly comments that her lover makes her “see” things more clearly. Well, the “closer” we get to the Chiefs, the more we “see” how inept, how inadequate these bunch of bums are. Starting with the coaches, the front office and their regrettable quarterback, Matt Cassel. You don’t have to “get close” to see that these Chiefs are never gonna rise up. They are never gonna win our division again. They can stay here another 50 years and it will all be same. Full of excuses. Full of explanations. And full of crap. And crap it is, no matter how close you get. In fact, we should start referring to them as the “Aints”. Because they aint gonna never be nothing. So for Sunday’s game, it will be the Saints vs. the new Aints. And you don’t have to be “close” to predict the outcome. Roberta Flack would sang another song about the Chiefs. The farther I get from you, the better I seem to be. Monday Niters, what say you? Dr. Charles Allen No big deal on being 0-2 Chiefs by 3 Paul Booker Winning in the “Big Easy” Saints by 14 will not be easy Carl Clark Chiefs totally dysfunctional Saints by 10 Bubba Cleaver Hope on! Chiefs by 14 Ike Gardner Pioli, Cassel gotta go Saints by 28 Lloyd Greenfield This one is for Logan Chiefs by 1 Ollie Hubbard Saints go marching in Saints by 40 Jim Nunnelly K.C. meets Hurricane Katrina Saints by 25 Ed West Saints will march all over K.C. Saints by 10"
179955,"Peanute Brittle, Melody Lanes And The Chiefs We, Monday Niters, have given up on the Chiefs. They have been beaten badly by the doormats of the NFL, i.e. Buffalo and Detroit. What’s more they have lost their only offensive hope through injury. . .Jamal Charles. All they have left now is Peanut Brittle Matt Cassel. Yes, that’s an appropriate name for Cassel because he is worth only “peanuts” and he is always injured, therefore, “brittle”. So, he is now a bona fide member of a long line of “broken” Chiefs’ quarterbacks. So, we collectively think the Chiefs will get shocked again Sunday by the San Diego Chargers. The Chargers will strike the Chiefs for with six or seven touchdowns. Speaking of strikes, we talked a lot about old bowling alleys and good bowling athletes. There have been several bowling establishments frequented by African Americans in the ‘60s -- Monarch Lanes, Melody Lanes, King Louie East and even K.C. Bowl in Kansas. And of late, there is a major bowling contingency that now goes to Premier out in Raytown. Just go out there on a Tuesday afternoon and see scores of seniors rolling the ball. And on Fridays and Thursdays, you can find some of the best bowling around. So, in this column, we prefer to talk about bowlers of yesteryears, rather than talk about Peanut Brittle And The Candy Stripers. So now for a walk down Memory Lanes. Dr. Charles Allen: Way back in 1952, Doc was a pin-setter at Sakin’s bowling alley, near Linwood and Troost. In the old days, bowling pins were set manually, and usually by African American youth at white establishments. Though he did not bowl much, he felt unsafe in that job. But not unsafe about the locals. Chiefs by 3 Paul “6902” Booker: Booker believes the there is no way that the Chiefs can beat San Diego. And he has felt that way since he came here in 1966. He does remember Fred Broski’s bowling for dollars. Money or not. San Diego by 40 Carl “Classy” Clark: Believes the Chiefs are just pitiful. But does remember being a league bowler at Melody Lanes in 1965, on a team sponsored by Northwestern Mutual Insurance Company. Not enough insurance for the Chiefs to win, though. San Diego by 14 Congressman “Bubba” Cleaver: Believes the Chiefs are “out of and out for the season. Wisely, Cleaver has appointed a group to research and honor the black bowlers of the past. This group includes Jauqua Preston, Joe Newsome, Nero Hartridge, Ron Winfrey, Maxine Walker, LaDonna Hendrix, Sam Coleman, Jiles Dunn, Deborah Cheadle Thomas, Joycelyn Burgo, Alex Harris, Willie Henderson Jim Nunnelly and Bill Johnson. An announcement is expected soon on the outcomes. Outcome bad for Chiefs. San Diego by 10 Ike “Spoiled by Niecie’s” Gardner: Ike was pin-setter at a white bowling alley in the ‘50s. As a worker, he had to use the back door to enter. Now, that was a long time ago. He hated segregation as much as he hates the Chiefs. San Diego by 35 Lloyd “Loyal Up To A Point” Greenfield: Lloyd is one of the seniors who bowl at Premier on Tuesdays. Bowling a cool 152 average, he is surrounded by seniors who can really bowl and who know a lot about Kansas City’s history. But, this time, Lloyd switches over from the Chiefs. San Diego by 7 Ollie “Breaking New ” Hubbard: Ollie remembers going to parties at the Rhythm Lanes on Troost, way back in the sixties. The teenagers went there for music and refreshments. But, the Chiefs are not refreshing at all and he expects a bolt of lightning to hit the Chiefs. San Diego by 35 Jim “Grand Dad” Nunnelly: started bowling at King Louie East, when Ron Winfrey became the first black to manage a bowling establishment. Hopes to record some of this rich bowling history. But history will be made Sunday when the Charges run up the largest score in NFL history on the Chiefs. San Diego by 50 Ed “Still Mentoring” West: Being brought up in Osawatamie, Kansas, Ed was only permitted to bowl one night a week at the white bowling alley. However, later he joined the St. James bowling league in 1980. Never a true bowler, he feels the Chiefs have no coach, no offense, no defense thus no win. San Diego by 38"
143387,"Romeo’s Leadership, Community, And The Chiefs This past Monday night, we talked a whole lot. A lot went down this week. Especially with the Chiefs’ victory and the murder-suicide tragedy piercing the nation’s headlines. But, before we get to that, we had some community-minded guests to join us. One was Tony G from Hot 103 and the others were the Go-Along Club and Andre Jackmon, a supervisor in the Behavioral Health department at Swope Health Services. Thus, we want to tell you a little about them and then comment on Romeo’s leadership, through a double-crisis week with his team. • TONY G. . . for 19years, this young man has led the Toy and Food Drive for all of Kansas City. For this effort, he has been awarded boundless recognition but he still presents as eager as if it’s the very first time. Many don’t know but Tony G was a credible basketball player in the old Catholic leagues. Moreover, his name carried forwarded to the radio airways and he is featured each morning in “drive time”, delivering a morning start for thousands of metropolitan residents. He has also assisted in the development of the popular teen talk show, Generation Rap on Hot 103. But for Tony, this annual food event is just being a good neighbor. Having grown up near 39th and Prospect, Tony G just gives back to his community. In fact, he demonstrates his commitment year after year, making sure that families have food and kids have toys for Christmas. Big kudos for Tony G. • THE GO ALONG CLUB. . . This is group of middle-aged men who get together frequently. However, social-minded the group may appear, they raise thousands of dollars each year for college scholarships. They too were on-hand to talk about their community service, especially providing worthy students with money to go to college....raised through their own corporate resources. We cannot say enough about the men who help our community...each and every day. • ANDRE JACKSON, SWOPE HEALTH SERVICES. . . starting out as just a worker, Andre is now a supervisor in the Behavioral Health department. Andre is involved in establishing counseling and case management services, in and around schools. So far, he has mobilized many agencies and most important, helped his agency get services to those who need it. Andre is one of the rising young men in our community who defy the inappropriate stereotype of young black men. Andre called on us Monday Niters and the others to assist our children, even if just saying an encouraging word. He reiterated that our young people want and need our help. Well, what a night for Monday Niters. . . to hear and see our men, stepping up to help out in their community. Also, there was a lot of conversation about the Chiefs. Mainly, about Romeo and how he handled a team, wrought with confusion caused by the suicide of one of the their fellow players. One that also included a murder of the player’s girlfriend. And one that required getting that team ready to play a game, the next day. So, we took a poll among our members and guests and commented on Romeo Crennel’s finest moment in his profession. On Sunday, Romeo will take his team back to his former place of employment, Cleveland. Where he once coached the Browns and now will return a national hero. Here’s what we think: Dr. Charles Allen: Romeo was quite admirable this week. Chiefs by 7 Paul Booker: He was outstanding handling all that pressure. Browns by 10 Carl Clark: He did a good job but he didn’t save his. Browns by 10 Ike Gardner: He held it together. Because of that, I will pay his bus fare to his next job. Browns by 3 Lloyd Greenfield: He handled the situation, using family values. Browns by 3 Jim Nunnelly: God must love Romeo. Chiefs by 7 Ed West: His demeanor saved the Chiefs....and his job. Chiefs by 3 Joe Webster: Romeo earned himself one more year. Chiefs by 3 Andre Jackmon: Romeo handled the media well...go Raiders no prediction Hadley Reimal: Admirable job under difficult circumstances. Chiefs by 3 Ron Walton: Return to Cleveland will return him to reality. Browns by 10 Sanders Martin: Romeo should be back next year. Browns by 7 Willie Humphrey: Romeo did a helluva job getting the team up. Browns by 7 Tom Brown: Romeo fate is still shaky, despite a good week. Browns by 7"
7582,"Monday Niters To Be Featured Before Chiefs’ Game with pic By The Sports Guy Some of the members of the infamous Monday Niters, who have been watching Monday Night football together for 34- years, will be featured on the Tailgate show Monday night on Channel 9 before the Chiefs play or get beat by the Tennessee Titans. The group has a column that has been featured in THE CALL with their football predictions of Chiefs’ games since 1980 but began with their New Year’s column in 1970. They rotate around to each members home for dinner on Monday nights. The Sports Guy has had the opportunity to attend a couple of Monday night games at the home of Jim Nunnelly and recently Ed West. They are all really a great group of guys. There is a great deal of wisdom and history in the room and they will even be helping The Sports Guy pass out Christmas baskets to needy families next week, but have to tell you. If you really want to watch a football game and actually hear what is said, don’t go near them on Monday night, you won’t hear a thing. Anything that you can think of is a topic of discussion. Ike Gardner boasts that he has won the most games overall in the group’s history of course he is immediately challenged by Lloyd Greenfield, Carl Clark and Paul Booker even wakes up to challenge Gardner’s claim that he has won the most games. “I want to tell you all something. I am not opposed to the Chiefs as much as some of you all are. You paint the picture that I am always against the Chiefs. I am only against them when they are playing a team that they cannot beat. I have never said that they Chiefs are going to lose all of the time,” said Gardner. “See that ole’ fat mouth Nunnelly started that,” Gardner yelled. Of course Nunnelly denies doing any such thing. Ed West shares the secret of the groups long term success. “Our wives deserve most of the credit. They cook for all of us and make their homes presentable for guests. They are very gracious hosts for a bunch of ragga’ muffins,” said West. “It is a lot cheaper now to host a game than it was when I first joined the group 25-years ago. Nobody drinks anymore so we don’t have the cost of buying alcohol,” West said. There are countless photos of the group through the years and the events that they have attended both in Kansas City and St. Louis when there was a group of Monday Niters there. And there were too many New year’s parties to count. There is even a Governor’s Cup trophy that the group competed against St. Louis with."
294691,"Reader Looks Forward To Monday Nite Footballers Editor, THE CALL: Each week during football season, I look forward to reading the “Monday Niters” predictions and the commentary by Jim “Granddad” Nunnelly. Mr. Nunnelly’s commentary in a recent “CALL” issue was particularly interesting as he told a little about each man in the “Monday Nite Footballers group.” Nunnelly is an excellent writer. He knows how to make words on a page come alive. Even though the “Monday Niters” lead varied lives with different professions, they enjoy commonalities that make them a cohesive group of remarkable black men. In a recent write-up, Nunnelly described these grandfathers of the group from Allen to West as: extraordinary, fantastic, effective, proud, steadfast, remarkable, complete, and encouraging. For what more could one ask? Monday Niters, “Keep on keeping on.” BRAVO!!. Terry Strother Burlington, Iowa"
117195,"Nat ‘King’ Cole, The Christmas Song, And The 10-3 Chiefs For those of you under 50, you probably missed a treat, not hearing all the songs ever recorded by Nat “King”Cole. Every year about this time, that smooth, velvety voice makes its way into our ears, hearts, and mind. And for us over fifty, we recall that Ol’ King Cole was the very first African American to host his own tv show. Now, that’s something. Belting out songs like, “You Send Me” and of course, no one can forget, “Unforgettable”. But, the song that keeps on giving and selling is “The Christmas Song”. Now you may like Mary J. Blige and Johnny Mathis and even Donnie Hathaway. But none can top Ol’ King Cole when it comes to validating the coming of Christmas. Now for us in Kansas City, we are splitting our time between getting ready for Christmas and getting our Chiefs ready for the playoffs. Baltimore and Miami are like us, waiting for the final word that they are “in the running for the February Super Bowl”. But teams places like Oakland and Tennessee and even Atlanta are singing along, with Nat King Cole and his perennial, “Christmas Song”. That’s all they can sing about, through now. So for us, the song ought to be a reminder that the 10-3 Chiefs are back and have recovered from a dismal last year. Most important, we have proved that Booker and Cantankerous Ike Gardner wrong. They said the Chiefs would not win more than five games this and already they have doubled that. So, I wish they could create a Christmas Song that would memorialize those kind of doubters. Perhaps we could call it, “Wrong Way Ike” and, “Poor, Pitiful Paul”. But thank God for the rest who have/had faith in the Kansas City Chiefs. They can now say proudly that “yes, there is a Santa Claus” and croon along with Nat “King” Cole, at the same time. It’s beginning to look a lot like Christmas. Let’s hear from the rest of the guys. Dr. Charles Allen: K.C. will teach Pryor another lesson.Chiefs by 14 Mila Banks: K.C. is just a better team. Chiefs by 14 Paul Booker: Kansas City is on a tear. Chiefs by 10 Carl Clark: I want K.C. to make the playoffs. Chiefs by 3 Bubba Cleaver: The real 2013 version of the Chiefs are back Chiefs by 10 Ike Gardner: K.C. will fall in “the Black Hole”. Oakland by 7 Lloyd Greenfield: If the Chiefs play together, they will win. Chiefs by 7 Ollie Hubbard: Raiders leave their hearts in San Francisco. Chiefs by 10 Jim Nunnelly: Santa and the playoffs are on the way. Chiefs by 17 Ed West: everybody is together, for the rest of the year. Chiefs by 10 Ron Walton: confidence has returned. Chiefs by 7"
7435,"Monday Nite Footballers Predictions By Jim “Grand Dad” Nunnelly Predicting Since 1970 Kansas City Chiefs vs. Oakland Raiders 4:00 p.m., KCTV 5 MERRY CHRISTMAS FROM THE MONDAY NITERS. . . Although the Kansas City Chiefs won’t be participating in the 2004 NFL playoffs, the Monday Niters still want to wish its readers and Kansas City a Merry Christmas and a Happy New Year. Shown are, Paul Booker, Charles Allen, Jim Nunnelly, Ike Gardner, Lloyd Greenfield, and Carl Clark. Not shown are Bubba Cleaver, Ollie Hubbard and Ed West. -- CALL photo by Rex Purefoy Charles Allen Chiefs by 14 Repeat performance Paul Booker Chiefs by 10 Larry fell down but he got up Carl Clark Chiefs by 7 Chiefs will plug up the Black Hole Bubba Cleaver Chiefs by 14 Battle of the used-to-be’s; but we be's better Ike Gardner Chiefs by 1 Stevie Wonder fights Ray Charles Lloyd Chiefs by 7 And the beat(ing) goes on! Greenfield Ollie Hubbard Raiders by 6 Raiders will walk the plank again Jim Nunnelly Chiefs by 23 Johnson saves Vermeil's -- (job) Ed West Raiders by 20 Reverse psychology, still in effect Chatter, Conversation And Commentary When high-powered, highly-paid coaches sign on to become a head coach in the NFL, there are lots of neat little “perks” that find their way into a contract. For example, there are additional dollars added, when a team makes the playoffs or avoid a losing season. Well, for the Chiefs, Vermeil and company will not be in the hunt for the playoffs. But, if they win the next two games, that could mean “bigger bucks” for the coaches. For while they would not have had a winning season, it would not be a losing season, either. This is just a lesson in the “small print” of these big-time contracts. Then, too, Vermeil has some making up to do both with the fans and specifically, with Larry Johnson. This boy can run that ball, equal to or better than Priest Holmes. And Vermeil, because of some personal issues with Johnson, kept Johnson out of competition, even though he was a high-round, draft choice. And to see Johnson perform like he has lately, Vermeil has to save face and let Larry run around, through, and over Oakland. Look for Larry and the Chiefs to save Dick Vermeil’s -- (job). More important, a full stadium on Christmas Day will help save any threatened decrease in season ticket sales. On the other hand, the Chiefs should not expect the fans to pay for an increase in ticket prices. For really, this season has been mediocre, at best. Chiefs 40, Raiders 17. Note: Congressman-elect Cleaver is still homeless in D.C., having failed to locate an apartment on his last trip East. Ike Gardner and Ed West, fellow Monday Niters and St. James members, are assisting Cleaver by providing contacts. Cleaver is planning to be in Washington Tuesday thru Thursday of every week and here in Kansas City Friday through Monday. Cleaver will return to Washington for swearing-in ceremonies on January 4, 2005, At that time, he hopes to surrender his homelessness card."
286246,"Monday Nite Footballers Predictions By Jim “Grand Dad” Nunnelly Predicting Since 1970 Detroit Lions vs. Kansas City Chiefs 12:00 p.m., WDAF-TV 4 Predictions (Wins In Parenthesis) Charles Allen(9) Paul Booker (8) Carl Clark (9) Bubba Cleaver (9) Ike Gardner (6) Lloyd Greenfield (9) Ollie Hubbard (9) Jim Nunnelly (9) Ed West (8) Chatter, Conversation And Commentary"
180536,"Monday Niters Johnny Cash, Memorable Ministers And The Chiefs About 50 years ago, Johnny Cash recorded a song, called, “A Boy Named Sue”. Well, the Chiefs are going to face a “Man Called Suh”. He was last year’s “Defensive Rookie Of The Year” in the NFL. His complete name is Ndamudong Suh (pronounced N dam u kong). This unusual name is African and it means “house of spears”. He is 6’4” tall and hails from Portland, Oregon. That where his Cameroon-born father and Jamaica-born mother resides. What does that have to do with the Chiefs? Well, the paper-thin, Chiefs’ offense will have to face Ndamukong Suh and the rest of the Detroit Lions on Sunday. It’s at noon and you can look for this man named “Suh” to be all over and all in the Chiefs’ backfield, just throwing Peanut Brittle Matt Cassel and Once In A While Jamal Charles all over the place. Not bad for a boy named “Sue”. Well, we Monday Niters met over at Ike’s house and had some show-stopping cherry cobbler. Though he didn’t prepare the multi-faceted meal, he walked around kingly, like he was part of it. Truth is his wife, their daughter Shelly and her daughter Danielle prepared every dish and yet, Cantankerous Ike tried to take credit for such a culinary display. A minister would have concluded that he is richly blessed. Speaking of ministers, that was the main topic of our conversations. Here goes, along with our predictions. Dr. Charles Allen: He remembered Rev. John Williams at the St. Stephen Baptist church. But, he also praised Father Benedict Justice, one of the few black Catholic priests in Kansas City in the ‘40s and ‘50s. But reluctantly and against all religions, he believes in the locals. Chiefs by 3 The Apostle Paul Booker: He praised the Reverend Henderson Bell, his home-church pastor. He considers his pastor as the most approachable minister in town. But Paul doesn’t believe in The Chiefs at all. Detroit by 14 Carl “Righteous Bro-ther” Clark: He was married at the Mason Memorial in Kansas 50 two years ago. But, he has always attended St. James, under Rev. Cleaver, the only minister he has ever known. And he doesn’t know the Chiefs anymore, either. Detroit by 14 Ike “One Mean PaPaw” Gardner: Ike is so spoiled by a group of waitresses at a popular restaurant that he sometimes forgets that he is not a priest of man of the cloth. But he does remember being forced to go to church at Ward’s Chapel, years ago. Since then, he has bonded with Rev. Cleaver and now is an unforced member of St. James. Like him or not, he says no. Detroit by 20 Lloyd “Gentleman” Greenfield: Right off, Lloyd remembered Reverend Chapelle of the Second Baptist Church, as a minister who could related to young black males. Awesome man. But still sticking with the locals. Chiefs by 7 Congressman Emanuel “Bubba” Cleaver II: Being a minister himself, Cleaver had several ministers on his praise list. . .Reverends A.L. Johnson, John Preciphs, Emanuel Newton, John Eason. Isaiah Henderson Sr. and many others. But he got carried away and also praised the Chiefs. Chiefs by 8 Jim “GrandDad” Nunnelly: He praised Rev. Earl Abel for his excellence as a pastor and a friend. Also for mentoring and selecting the very capable Reverend Leonard Butler as his successor. A good pick for Kansas City. Chiefs by 7 Ed “Mentor Man” West: Besides being a computer guru, Ed spends his time, mentoring young males over at Raytown High school. He is so good at it that he sometimes is referred to as a minister. Not so but his hero is Reverend Cleaver ever since he came here from Osawatomie, Kas. No religion for the Chiefs. Detroit by 40 Ollie “Barbara Walters” Hubbard: Ollie knows everybody and everything. He reached way back to choose Reverend D.A. Holmes as his most memorable minister, a namesake for elderly homes and a school. But still believes the Chiefs will get a good education Sunday. Detroit by 40"
146148,"Shakespeare, Some Common Quotes, And The Chiefs When the Chiefs are losing, we search hard for something to talk about. And since the Chiefs have won just one game, we found ourselves talking about something odd. . . William Shakespeare, the best known playwright in the English language. Now, this genius wrote thirty eight plays and many poems, as far back as five hundred years ago. Besides the Bible, his works are quoted more than any other form of literature. His most notable plays include Macbeth, Othello, Richard III, and Midsummer Night’s Dream. And Shakespeare was quite versatile. . . having wrote comedies, histories, character studies and a lot about politics. What would Shakespeare have said about the Chiefs? We will find out, after looking closer at Sunday’s game against the barely-alive Oakland Raiders. First, a little about Oakland. Like the Chiefs, the Raiders were part of the old American Football League, starting way back in 1960. Right away, the Chiefs and the Raiders became rivals, playing some real close games both at Municipal Stadium and the “Black Hole”. And somewhere along the line, the games would end up with a fight or two. Commonly called the “Silver and Black”, the Raiders have struggled in recent years. But they have won three Super Bowls, way back in 1976, 1980, and 1987. Surprisingly, they also have 13 players in the illustrious Football Hall Of Fame, in Canton, Ohio. But all that won’t matter when they come marching into Arrowhead at noon on Sunday. The Chiefs’ fans will heckle the pirate-dressed Raiders’ fans and “there will be no peace”. The Chiefs will be trying to beat their division rival because they have only beaten San Diego this year. And Oakland will be trying to remain off the bottom, where the Chiefs currently reside. So while no championship will be at stake, it promises to be a first-rate battle. Shakespeare would have spoken a special quote for this meaningless game. “To be or not to be, that is the question.” In response, the Monday Niters actually applied many of the famous quotes from Shakespeare to their predictions. Some of them are quite creative, so please applaud these old men for paying attention in school. Ike actually took a college class in Shakespeare. And Loyal Lloyd has acted in a Shakespeare play or two. And Congressman Cleaver has used Shakespeare as part of his many sermons. While the rest of us have unknowingly quoted Shakespeare hundreds of times. So sit back and enjoy finding out that Shakespeare is all around us, even on a Monday night, at a boring football meeting. Dr. Charles Allen, Luck has prevailed with the Raiders. Chiefs by 14 Paul Booker, “Romeo, Romeo, where art thou?” Raiders by 10 Carl Clark, Thou has to win, sometimes. Chiefs by 3 Congressman Emanuel Cleaver, “If music be the food of love, play on”. Chiefs by 10 Ike Gardner, “Full of sound and fury, signifying nothing”. Raiders by 10 Lloyd Greenfield, “Victoria’s blood, it warms thy heart”. Chiefs by 3 Ollie Hubbard, “Expectations is the root of all heartaches” Chiefs by 3 Jim Nunnelly, “All is well that ends well”. Chiefs by 7 Ed West, “Not to be, that is the answer”. Raiders by 10 Eric “Amanda, Bri, and Erica’s Dad” Wesson, “Hark another loss for the Chiefs”. Raiders by 3"
56972,"Monday Nite Footballers Predictions By Jim “Grand Dad” Nunnelly Predicting Since 1970 Kansas City Chiefs vs. Oakland Raiders 4:00 p.m., KCTV 5 MERRY CHRISTMAS FROM THE MONDAY NITERS. . . Although the Kansas City Chiefs won’t be participating in the 2004 NFL playoffs, the Monday Niters still want to wish its readers and Kansas City a Merry Christmas and a Happy New Year. Shown are, Paul Booker, Charles Allen, Jim Nunnelly, Ike Gardner, Lloyd Greenfield, and Carl Clark. Not shown are Bubba Cleaver, Ollie Hubbard and Ed West. -- CALL photo by Rex Purefoy Charles Allen Chiefs by 14 Repeat performance Paul Booker Chiefs by 10 Larry fell down but he got up Carl Clark Chiefs by 7 Chiefs will plug up the Black Hole Bubba Cleaver Chiefs by 14 Battle of the used-to-be’s; but we be's better Ike Gardner Chiefs by 1 Stevie Wonder fights Ray Charles Lloyd Chiefs by 7 And the beat(ing) goes on! Greenfield Ollie Hubbard Raiders by 6 Raiders will walk the plank again Jim Nunnelly Chiefs by 23 Johnson saves Vermeil's -- (job) Ed West Raiders by 20 Reverse psychology, still in effect Chatter, Conversation And Commentary When high-powered, highly-paid coaches sign on to become a head coach in the NFL, there are lots of neat little “perks” that find their way into a contract. For example, there are additional dollars added, when a team makes the playoffs or avoid a losing season. Well, for the Chiefs, Vermeil and company will not be in the hunt for the playoffs. But, if they win the next two games, that could mean “bigger bucks” for the coaches. For while they would not have had a winning season, it would not be a losing season, either. This is just a lesson in the “small print” of these big-time contracts. Then, too, Vermeil has some making up to do both with the fans and specifically, with Larry Johnson. This boy can run that ball, equal to or better than Priest Holmes. And Vermeil, because of some personal issues with Johnson, kept Johnson out of competition, even though he was a high-round, draft choice. And to see Johnson perform like he has lately, Vermeil has to save face and let Larry run around, through, and over Oakland. Look for Larry and the Chiefs to save Dick Vermeil’s -- (job). More important, a full stadium on Christmas Day will help save any threatened decrease in season ticket sales. On the other hand, the Chiefs should not expect the fans to pay for an increase in ticket prices. For really, this season has been mediocre, at best. Chiefs 40, Raiders 17. Note: Congressman-elect Cleaver is still homeless in D.C., having failed to locate an apartment on his last trip East. Ike Gardner and Ed West, fellow Monday Niters and St. James members, are assisting Cleaver by providing contacts. Cleaver is planning to be in Washington Tuesday thru Thursday of every week and here in Kansas City Friday through Monday. Cleaver will return to Washington for swearing-in ceremonies on January 4, 2005, At that time, he hopes to surrender his homelessness card."
122329,"The Hubbards, Opinions, And The Chiefs The Monday Niters are full of themselves. They freely share their opinions and don’t care if anyone agrees with them or not. And we’ll share some of those community-related opinions, right after we comment about the Hubbard family and their cooking talents. This last Monday night was their time to host the Monday Niters. As usual, there was a feast. African cabbage, red beans and rice, chicken wings, catfish, spaghetti, green beans and potatoes, cole slaw, cornbread and rolls. Even their lovely daughter, Kim, dropped by to taste the Hubbard Buffet, But, there was something different tis week. Usually, Ollie does all the cooking. But this time, it was his sassy wife, Sandra, who did it all. Yes, Sandra. Now, she is no stranger to the culinary arts. Her late mother was truly a great cook. In fact, in Macon, Missouri, Mrs. McElroy was a well-known caterer throughout north central Missouri. Now, if you don’t know where Macon is. It near Clarence, Missouri. Don’t know where that is. It’s near LaPlata, Still don’t know? Forget it. Neither do most people. But Sandra was the only black child in the school band. And she was the first black child born in the Macon County hospital. And she spent most of her days, living and thriving in an all-white world. But if you tasted her buffet on Monday, one would know she is truly an African American artist, when it comes to cooking. Even Ike Gardner, the most opinionated African American alive, liked the red beans and rice. So did Ed West, who went back several times. But husband Ollie was present and offered his supervision to the whole process. Bottom line, the Hubbards did their thing, especially on Monday night. . . sharing their cooking talents and opinions. Let’s start with Ollie and see what he and the other Monday Niters are thinking, about community events and the Chiefs. Ollie Hubbard: Ollie is concerned about how all this violence is affecting our children. So, he is urging each of us to make sure our children stay in school for their own safety. But he is no longer concerned about the Chiefs. He says the Chiefs will kick the Giants’ butt, on Sunday. Chiefs by 10. Dr. Charles Allen: Doc is still concerned about Alzheimer’s disease. In fact, he says that the toll is not only on the patients but on the care-givers, as well. Caregivers often think the patient may get better and deny the reality of getting worse. But he thinks the Chiefs are “not in denial”. He says Sunday will be a “Giant killer day” for the 3-0 Chiefs. Chiefs by 14. Paul Booker: He thinks the city leaders are on the right track, by inviting leaders from other cities to discuss the crime problem. Recent visitors from Chicago are helping us address this violence thing. He feels the same way about the Chiefs’ defense. They will slaughter Eli Manning on Sunday. Chiefs by 3. Carl Clark: He believes that the sentencing ought to fit the crime. Bad crime, long time in jail. Just that simple. Feeling the same way about the Chiefs. They will be criminal, against New York. Giants by 14. Emanuel “Bubba” Cleaver: Cleaver just finished his favorite week in Washington, hosting the Legislative Black Caucus. Only a few know how significant he is in Washington. Everybody knows and respects Emanuel Cleaver. And he knows the Chiefs will be like David and slaughter the Goliaths. Chiefs by 10. Ike “Mad Man” Gardner: Ike is concerned about the lack of jobs. He feels that jobs are the crux of our social structure. Known for freely expressing his opinion. Ike is right about the jobs but wrong about the game on Sunday at Arrowhead. He thinks the Chiefs’ fairy tale is over. Giants by 7. Lloyd Greenfield: He believes that to be educated is the key to a successful life. And that we must not let education get lost in all the violence discussions. Like with the Chiefs, we must “keep on keeping on”. Chiefs by 3. Jim “Granddad” Nunnelly: He is still reeling over the central city representation at the recent Mental Health speak-out. One-third of the participants were African American and they came through like champs, offering their insightful opinions freely. Congratulations to each of you that attended. Now, let’s not allow the Chiefs to get depressed again. Jamaal Charles and the defense will stop that from happening. Chiefs by 7 Ed West: He still harping on the police control thing. Plainly, the control of the police department should be left alone. Period. And look to the Chiefs defense (Poe, Hali and Houston) to shut Eli down. Chiefs by 10."
122805,"Aaron Alexis, Mental Health Conference, And The Chiefs Just like always, our country is faced with another mental health dilemma, Someone kills up a lot a people and we turn our attention to the crime, and not the events leading up to the horror. Thank God, we are going to have a conference here in Kansas City that will address the entire issue of mental health and mental illness. Yes, this Saturday at the Downtown Marriott, everyday folks will have an opportunity to talk about this woefully overlooked and under-discussed field. In fact, about 50 people from the urban core of Kansas City are signed up to participate in the day-long conversation. It’s all about planning and for once, we will be at the table, before it happens. Now, what does this all have to do with the now-winning Chiefs. Well, mental health controls everything we do. . . everything we think. . . and everything we try to do. And the Chiefs have been in a deep depression, for a long, long time. And now it appears that they are pulling themsellves out of it. That’s just what we all have to do. Address squarely the problem we are facing. The Chiefs went out and got a quarterback, some offensive linemen and a new coach. . . to address the losing streak and loss of fans. And they are gaining the fans back, with their early efforts in the season. Dr. Charles Allen, Paul Booker, Bubba Cleaver, Lloyd Greenfield, Jim Nunnelly, and Ed West predicted that the Chiefs would win against Philadelphia. Of course, that cantankerous Ike Gardner and that garrulous Carl Clark thought the Chiefs have not changed, from last season. But face it, the depression is lifting. The Chiefs are talking and looking better these days. They are working hard at addressing the things that hurt them. Just like we as individuals should do. As we must do from time to time, we must remove cewrtain people from our lives. . .so that we can do better. In fact, the Chiefs are a lesson in regaining their mental health. So, Dr. Allen will be going to the conference on Saturday to talk about Alzheimer’s season. Jim Nunnelly will be addressing the stigma, associated with people who are struggling mentally. And Andrea Buford will be facilitating discussion tables, down at the Marriott. It will all be part of a historical time where we in the urban community, will be talking about the future and not arguing about the past. Maybe the first topic of discussion will be. . . how did the Chiefs overcome their depression. The answer is simple and complex. It took a lot of time, patience, and a lot of support from people who used to love them. All of you are invited to the Marriott on Saturday. Come see how to deal with mental health issues. With you becoming the focal point. . . for your own mental health."
185232,"Tribute To A Monday Niter Bunny Rabbit: A True Brother Who Had No Brothers Stewart Watson was a big, giant of a guy, who always wore a smile and had a baritone-like laugh. He was “at home” whereever he went, whether in his favorite club on Prospect or whether meeting you for the first time. He clearly will be missed by all of us Monday Niters for he was one of the founding members of this adult “boys club”. To most of us, he had been friends for all of his 24,582 days on this earth. But on July 3, of this year, “Bunny Rabbit” left this earth and thus, the basic reason for this column. In short, we want to say “good bye” in a way that only friends who have known you a lifetime, can say it. So let’s start with “Bunny Rabbit” and his relentless use of nicknames. “Bunny Rabbit” had a nickname for everyone in our group. That’s because he wanted each of us to know that he liked each of us individually and collectively. Ollie was “Mr. Puddy Pot” and Ike was “Huff”. Booker was “Chocolate Drop”. Dr. Allen was “Pumpkin” and Carl was appropriately called “Mr. Mary Lynn”. And because of my bald head, he started calling me “Mr. Peanut”. I dare say he would have to stop and think of our real names because that was all he called us, every day of his nearly 69 years. We say nearly because he died just three days before his 69th birthday. And there was no denying him access to you. Even though he moved to St. Louis some years ago, he still managed to see everyone at least once a month or just calling them. Speaking of calling, “Bunny Rabbit” was a phone junkie. Night or day, winter or fall, he would call one of us, out of the clear blue sky. It was as if we were his connection to reality or maybe he just wanted to stay close to his friends. Always the same, joy-induced greeting, “ what u doing boy?”. And then, right from there, the word would spread... “Bunny Rabbit” is in town and somehow, unplanned though it may be, there would be a reunion, right then and there. And it seemed he would always time his visit during one of our Monday Nite Footballers meeting and whatever the conversation on the floor, would give way to his one-man, nickname-calling comedy act. “Bunny Rabbit” was a real friend and the kind of brother to everyone, even though he had no biological brothers or sisters. He exuded brotherhood, at its highest level. In addition, “Bunny Rabbit” was a lesson in kindness and consideration. He reminded us that we all must live our lives, merrily and among friends. He demonstrated that by always dropping by and diverting you from your daily worries and strife. Yes, Bunny Rabbit was a spark of life to all of us and his light still shines in our thoughts and in our conversation. Ike says “Bunny Rabbit” always checked on him whether sick or well. And Ollie says that he has great memories of “Bunny” all the way from elementary school through Lincoln university. But, Dr. Charles Allen concluded the stories about “Bunny Rabbit” best. He simply said that “Bunny Rabbit” extended a hand but he always touched our hearts. What else needs to be said but “Good Bye, ‘Bunny Rabbit’. We are all better off by knowing you and we will wear our nicknames proudly, in your honor.”"
217113,"Monday Okay, the Chiefs won one game. It just so happened on national television and it was raining and the team we beat just happened to have won the AFC West Division last year. And for the first time in years, the Chiefs were part of the highlight reels on ESPN, as a positive. But just as sure as Todd Haley is not going to smile, the jury is still out on the Chiefs, at least the offense. Speaking of offense, did you see Matt Cassel grab the game ball, as if he had something to do with the victory over San Diego? Make no mistake. . . that game ball should have gone to the defense, or the punt returner or the kickoff returner or Jamal Charles. Definitely not the quarterback. As we look ahead to Sunday, let’s see what the Monday Niters think about the upcoming game against Cleveland, in Cleveland. DR. CHARLES ALLEN: Monday night’s win over the Chargers was NOT a fluke. Though improvement is still needed, the Chiefs will overtake the Browns by 10 points. THE APOSTLE PAUL BOOKER: I’m not that confident about the Chiefs, at least not yet. The Chiefs have gotten us all excited before, only to let us down. It is my firm belief that the Chiefs cannot and won’t beat Cleveland. End of story. COOL CARL CLARK: Unlike Booker, Carl believes the Chiefs CAN beat the Browns, if for no other reason that any team can beat another team on any given Sunday. The Chiefs played good defense but the Chiefs’ quarterback is lacking an awful lot. CONGRESSMAN EMANUEL CLEAVER: From this point forward, the Chiefs will be measured by speed. They got lots of speed, on the line, in the backfield, on special teams. With that abundance of speed, they can and will beat Cleveland. CANTANKEROUS IKE GARDNER: The only place Ike is nice to people is out at a restaurant on 63rd. There he is treated like royalty and he eats it up. But, his distrusting dislike for the Chiefs While everyone else is raving about the Chiefs’ defense, Ike says the “the defense let us down”. Thus, Cleveland will beat our Chiefs on Sunday, according to Ike. LOYAL LLOYD GREENFIELD: He agrees that the win over San Diego was a fluke. But, he was glad to see the Chiefs win something. And for the record, he is backing the Chiefs this Sunday against the Browns. Can we trust your judgement, Lloyd? OLLIE “KNOWS EVERYTHING” HUBBARD: Ollie is happy with the Chiefs. You know he is part of the Ike and Booker thing that goes against the Chiefs. But this time, Ollie joins up with the believers and picks Kansas City over Cleveland. JIM “GRAND DAD” NUNNELLY: Matt Cassel ain’t worth $60 million, y’all. In fact, we would have killed San Diego with Brodie Croyle at quarterback. He is drinking from wells that he didn’t dig. But look for local writers and broadcasters to continue to make hi m an “unhung hero”. The only thing that didn’t work for the Chiefs was the offense. And guess who was the quarterback. Get rid of him and the Chiefs will soar. But, special teams are enough to beat Cleveland on Sunday. EASY ED WEST: Joining the believers is Ed West. He flip-flops back and forth sometimes. But, this time, Ed is onto something. He thinks the Chiefs are young, hungry and motivated on both offense and defense. Thus, his vote goes to the Chiefs to outclass Crennel’s old team, the Browns. ERIC “ERICA’S DAD” WESSON: There is an ole’ sayin’ “Even a hobo gets lucky and gets a steak every now and then if he hangs out in the right places.” That was what I was thinking in the Chiefs Monday victory, but it will be short lived. The bottom line is the Chiefs lack the offensive players to be a household name. They won’t be able to score enough to beat Cleveland. Season record 4-12. FINAL NOTE: The haters (Booker and that Ike) are the only ones, not believing in the Chiefs. The believers are strong in their belief and feel that prayer has worked well for the Chiefs. It certainly was not the coaching or the quarterback. So after leaving early church on Sunday, look for the Chiefs to be 2-0, by three o’clock. Believe, y’all."
56337,"Monday Nite Footballers Predictions By Jim “Grand Dad” Nunnelly Predicting Since 1970 Charles Allen Chiefs by 3 Why stop now? Paul Booker Chiefs by 3 Determination, one word! Carl Clark Chiefs by 7 I'm sticking with 8-8 Bubba Cleaver Chiefs by 3 If they play three quarters! Ike Gardner Chargers by 10 Thank God, this is the last game! Lloyd Greenfield Chiefs by 3 Ending on a winning note! Ollie Hubbard Chiefs by 6 Thunderbolt in the butt! Jim Nunnelly Chiefs by 3 Johnson outruns Thompson; Green outpasses Brees; defense manhandles the Chargers. Ed West Chargers by 7 Reverse psychology until the end! Kansas City Chiefs vs. San Diego Chargers 3:15 p.m., KCTV 5 Predictions (Wins In Parenthesis) Chatter, Conversation And Commentary Note: Ed West just might have a 100 percent rating. 100 percent wrong. If the Chiefs win against San Diego, Ed West would have predicted all the games, inaccurately. The Chiefs started off 0-3 and now, have won four in a row. Wow, how unpredictable can a team get? It reminds me of a story of a young minister, who was scheduled to preach his very first sermon. When it was his turn to preach, he strutted up to the podium, absolutely certain that he could move this church to previously-unreached heights. Arrogantly, he read the scriptures. And he shook his head, as if he knew the entire Bible and its meaning, by heart. And rather than slowly engage the congregation, he chose to talk down to them, as if they were second graders. He went on like this for what seemed like an eternity. However, the more he spoke, the more he realized that he was not getting or going anywhere, with this high-and-mighty approach. And slowly but reluctantly, he became more humble, as he read all the unresponding faces in the congregation. Feeling the rejection, he was almost in tears, as he prematurely began to close his botched sermon. And finally, he sat down, almost in shame. For he knew he had failed, miserably. Embarrassed beyond belief after the services, he stood near the pulpit, head hung low. Then, an old man walked up to him and said, “Son, if you had got up, like you sat down; then, you could have sat down, like you got up.” The moral of the story is that the Chiefs did not do that. They started off humbly and grew to become the winner they were supposed to become. Let’s give a big cheer to our Chiefs, for having come through, in the end."
69745,"Monday Nite Footballers Predictions By Jim “Grand Dad” Nunnelly Predicting Since 1970 Charles Allen Chiefs by 10 Gunther will tweak Chiefs defense Paul Booker (1) Carolina by 14 Defense is the key Carl Clark Chiefs by 7 Defense is the same Bubba Cleaver Chiefs by 17 Defense improved; Offense never disproved. Ike Gardner (1) Carolina by 3 Chiefs’ poot-butt Defense Lloyd Greenfield Chiefs by 3 A win will heal a broken heart Jim Nunnelly Chiefs by 14 Priest runs, catches, scores, beyond belief. Ed West Chiefs by 7 Offense will get itself together. Carolina Panthers at Kansas City Chiefs 12:00 p.m., KCTV 5 Predictions (Wins In Parenthesis) Chatter, Conversation And Commentary Shame on you, you fair-weather Chiefs' fans. You are joining up with the haters (Ike and Booker). You are acting like the Chiefs are 0-5, rather than 0-1. Hey, this is just the first game and while there are things to be fixed, 16 other teams lost, last week-end, as well. So, let’s not talk as if there are no more opportunities to win. In fact, watching Carolina play on Monday night reminded us all that this was the team that was in last year’s Super Bowl. They certainly didn't look like they were the 2003 NFC champs. Further, the Chiefs will again get yet another opportunity to power up its powerful offense and improve its lackluster defense. And just think, there will be fourteen games after that. Bottom line, we will have plenty of time to see if the Chiefs are for real or if they are just pretenders. The jury is still out on Gunther and even Al Sanders and yes, even Dick Vermeil. So, let's just wait a while before we write off our beloved Chiefs. We’ve got a tough schedule ahead and we will have to be at our level best. But, fans, it is only the second game. Let's be patient. Editor’s Note: Paul Booker and Ike Gardner were the only two winners in last week’s prediction of the Denver game. Way to go Paul and Ike! Ollie Hubbard Carolina by 22 Oh, what the h---"
62050,"Monday Nite Footballers Predictions By Jim “Grand Dad” Nunnelly Predicting Since 1970 Charles Allen (3) Chiefs by 3 Hoping the Saints ain’t Paul Booker (4) Saints by 10 Defense productivity is questionable Carl Clark (1) Chiefs by 3 Warfield makes Hall of Shame Bubba Cleaver (3) Chiefs by 3 Defense and politics are forcing Ike Gardner(4) Saints by 7 Handicapped secondary needs to be in Special Ed! Lloyd Greenfield(3) Chiefs by 7 Only team that beats the Chiefs is the Chiefs Ollie Hubbard (4) Saints by 3 Shrimp boats are coming Jim Nunnelly (3) Chiefs by 14 Priest, Dalton lead the parade Ed West (1) Chiefs by 1 Maybe we can outscore somebody Kansas City Chiefs vs. New Orleans Saints 12:00 p.m., KCTV-5 Predictions (Wins In Parenthesis) Chatter, Conversation And Commentary Special Note: Cleaver will remain as Senior Pastor at St. James, while serving as Congressman from Missouri’s 5th District. He will leave on Tuesday mornings and return to Kansas City each Thursday evening. He will officially be sworn- in January 4, 2005 in Washington, D.C. Rev. Cleaver is currently looking for a small apartment in Washington. Well, the Chiefs have lost again and now stand 3-5. Vermeil doesn’t have the answer. Gunther and Al apparently don’t either because the Chiefs continue to start strong, fade in the middle, and just peter out in the end. That kind of play has cost them a lot of fans and maybe a position in the playoffs. And on this Sunday, they travel to the Sugar Bowl and try to beat up on struggling New Orleans Saints. And, for the galley of Chiefs’ critics, there is no one part to blame it all on. The offense is sound. The defense is better than last year. And, the special teams are okay. Then, what is it? It must be the coaching, that important factor that keeps you going when ability and stamina wanes. It’s that umphh that helps you through the last moments of any crisis. And, just maybe, the coaching is not doing its part to help the Chiefs win. But, Sunday, the Chiefs will pull it off some kind of way. Bottom line, it is so hard to see an improved team lose again and again. But not this Sunday. Look for Dalton and Priest to keep the Saints from marching in."
181090,"Interim Superintendent And The Lowly Chiefs The NFL season is finally here. After a threatened strike, a boatload of free agents, and a new set of feet, the Chiefs will open at Arrowhead on Sunday. And you will see folks going to early morning church services, in order to witness the kickoff game to the 2011 season. And like the tornado that hit Joplin and the hurricane Irene that racked the east coast, the Chiefs have a lot of damage to clean up. You know they released All Pro offensive lineman, Brian Waters. And Peanut Brittle Matt Cassel is ailing, as usual. Then, the Chiefs did not win a single pre-season game, this summer. That all adds up to another questionable season ahead, in spite of the fact the Chiefs made the playoffs last year. In many ways, the Chiefs are like the Kansas City, Mo., School District. Every year, they come up with a different reason why any kind of success evades them. In fact, Big Bad John Covington balanced the budget but he did absolutely nothing to improve the test scores. He closed a lot of schools but did not open up any new academic trails. And once again, Booker says it is purely chaotic, down at 1211 McGee. No one knows what to do about it and that’s tragic. As expected each year, the enrollment, the energy and the ebullience decreases. I suggest that at least the Board ought to hire an Associate Superintendent, whose only job is to monitor the academic progress of our children and keep the community updated on the accreditation status. This person should be a resident of Kansas City and have credibility in our community. This over-reliance on itinerant Superintendents is crazy. And we in this community can change that. We really can. All right, enough of that. Let’s return to talking about the Cheaps (I mean Chiefs). Ike Gardner and Paul Booker are back at their old habits again. They can’t see the Chiefs beating anybody this year. After all, the Chiefs play New England, San Diego twice, Pittsburg, Minnesota, Indianapolis, and even Detroit. That’s what happens when a non-playoff-calibre teams make the playoffs, They suffer greatly the next year. But Carl Clark, Ollie Hubbard, and of course, Dr. Charles Allen believe the Chiefs will be “up” for the challenge and will win their first game, against Buffalo. So, like the School District, the Chiefs are steadily losing their support....both here and nationally. What will it take to get it back for both of these also-rans? It’s simple. Just do SOMETHING right. Anything. Is help on the way? As is our duty, we will monitor the progress and report to you each week. Just like we have been doing for forty two years now. Whew! Time passes, doesn’t it. Hint to the District and the Chiefs."
209961,"The “F” Words Carl Clark hosted the Monday Niters, this past week. And amid the usual curses and smart comments, I asked the fellas to use “f” words, when giving their predictions and comments. It just seemed like something to do. So what follows is a host of “f” words, sprinkled throughout the narrative. See how many you can spot. First off, the Chiefs are five and three, losing all three games on the road. But another fact is that they have won all three games and home plus one away game at Cleveland. Most commentators, including our own, say the Chiefs are fading. Well, that’s a bunch of flak. Because this is the same team that everyone was raving fire about, just three weeks ago. However discontented you may be, folk still believe the Chiefs are playoff-bound. Losing to Oakland last week put them only a half game up on the Raiders. And many say that San Diego is just beginning its usual, late-season rise. But, don’t be moved by any of that crap. Chiefs still have fire-power and it will re-emerge against Denver on Sunday. If for no more than to save face. Let’s now see what the guys say about the dreaded Denver game, in Denver. Dr. Charles “A Real Likeable Guy” Allen: Doc believes that the Chiefs will commit a felony against the Broncos. Quietly but forcefully, he says the Broncos don’t have a team that can match with the Chiefs. Practising pain-free dentistry for thirty two years, Doc says the Chiefs will still win the West. Chiefs by 14 Paul “That Hater” Booker: Most people like Booker. He’s pleasant and he’s a good road buddy. There is no joint in town that Booker has not inspected. But, he’s a Chiefs hater, laughingly saying that the Chiefs fantasy time is over. That Booker just can’t see the light, when it comes to the Chiefs. He predicted rightly last week and that fact gives rise to his fight to end this Chiefs’ mania. He has sealed the Chiefs fate. Denver by 3 Carl “Mr. President” Clark: You know Carl is now President of the Ivanhoe Club. Along with folk like Jon Gray, he is trying to make life better for this century-old club. After thinking it over for four weeks now, he thinks Carl has made a transition to a loyalist and he’s got the fever. Chiefs by 7 Congressman “Faith-filled” Cleaver: As you know, Cleaver just beat out a fakir, in his quest to retain his seat in Congress. He actually sat down and chilled a little with us, this last Monday. He ate his little fish and followed up his comments with a funky remarked, aimed at Coach Haley. Though he won’t forget that Oakland fiasco, he still believes in the Chiefs. Chiefs by 10 Ike “Idi Amin” Gardner: I told yall about Ike’s aunt in Keytesville. She is the only person Ike has ever feared. While intellectually bright, he is obstinate and stubborn. He will go to his final grave, hating the Chiefs. But, he hates everything. He will finagle the finest thing into something bad. So no use in trying to convert him into a loyalist. He doesn’t forget and forever, remembers how many times the Chiefs’ coach has made a fantastic fool of himself. One more reason to vote against the Chiefs. Denver by 7 Lloyd “A Gentlemen’s Gentleman” Greenfield: Lloyd filters out the facts, when thinking about his prediction. Never quickly, he fills his mind with facts and filters out the crap. He knows that 5-3 is respectable for the Chiefs and we should never forget that. He believes the Chiefs are a work in progress and he advises all of us to file that away. He says it will be fun, not fouls on Sunday. Chiefs by 6 Ollie “Elephant Memory” Hubbard: Everybody is amazed how Ollie remembers everything. He focuses in on everything so that he can repeat it later, sometimes at the worst times. He flags his memory with everything for he is an ace reporter. It is fair to say that Ollie is aware of the Denver-Chiefs feud, going back to the good old days. But without Shanahan, the Broncos are in their final stages, at 2-6. That’s fair enough for Ollie. Chiefs by 10 Jim “Grand Dad” Nunnelly: He faces everything squarely and will not forfeit his right to speak. Like Ollie, that Cleaver and Ike accuse him of fonduing the truth. That makes him furious and lose control. One of the most loyal people around, he thinks it is futile to entertain any more flak from haters. Anyway you look at it, the Chiefs are gonna make the playoffs. So, stop the fussing and cussing....a sure thing for Sunday. Chiefs by 10 Ed “Clearheaded And Competent” West: Ed is a little shell-shot. In fact, he fears the lack of fundamentals that pervade the Chiefs, at times. He blames the recent loss to Oakland because McCluster wasn’t there. But fast and furious, Dexter will return and fly up and down the field on Sunday...bring Ed to fulfill his desire to see the Chiefs elevate. Chiefs by 7 Eric “Amanda And Erica’s Dad” Wesson: Frankly, I thought that the officiating in the Raiders win was a little fickled, especially the fumble call that led to the Chiefs’ final score. Bowe finally caught a pass and finished with a touchdown. But, I am glad that the Raiders won as I predicted with a field goal in the final drive and final second of the game in overtime. I think that he has caught at least one pass for a touchdown in the last four games. As far as the Broncos I think the Chiefs will finally get out of their funk and squeak by the Broncos by a final score of 13 to 14. Chiefs by 1. Final note: The Chiefs are learning to play the game. Winning means taking the bumps and bruises, as well as the roses and cheers. And just think, we wrote this long article and never mentioned the most famous “F” word. No need to use filth. After all, it is all about the Chiefs. And we must stop talking about their funeral. Ain’t gonna happen."
78522,"Monday Nite Footballers Predictions By Jim “Grand Dad” Nunnelly Predicting Since 1970 Paul Booker (5) KC by 3 Not gonna cut and run! Carl Clark (5) Broncos by 7 Chiefs are too banged-up! Bubba Cleaver (6) Chiefs by 7 LT'd on Sunday; LJ’don Thanksgiving! Ike Gardner (7) Denver by 7 When Chiefs must win, they can’t! Ollie Hubbard (5) Denver by 7 Bronco-butt-kicking! Jim Nunnelly (6) KC by 2 Kennison explodes against former team! Ed West (8) KC by 3 Green regains greatness! Lloyd Greenfield (7) KC by 3 A turkey feast for KC! Charles Allen (6) KC by 3 Just an absolute must win! Kansas City Chiefs vs. Denver Broncos 7:00 p.m. NFL Network Chatter, Commentary and Conversation What does Jesse Jackson have to do with last Sunday’s Oakland-Kansas City game? I’ll answer that after I assess the Chiefs, now just over the half-way point in the season. First, the Chiefs survived. Now, let’s face it, y’all. A win is a win, no matter how ugly. And Sunday’s win against Oakland was not pretty, except for the first and last Kansas City drives. The in-between was horrible, even though it was Trent’s first day back. However, I must say that we could not have done it without Trent. Ed West flat-out confirms that. Further, He feels that Trent’s presence won the game, only because Huard could not have shepherded that last drive. And we all agree that Sunday was the appropriate time to re-insert Trent, even though Huard had done a respectable job. Now,tomorrow will be Trent’s real test. He and Kennison will have to be “connected at the hip”, for the Chiefs to have half a chance. If we should happen to beat Denver, that will put us in good shape for a playoff spot. We know that Denver is vulnerable because San Diego beat Denver and we beat San Diego. In fact, last Sunday, LaDainian ran like crazy. . . just like Jesse did in 1988. Speaking of Jesse Jackson, he really did have something to do with Sunday’s game. But before I tell you, let me reminisce for a minute. Back in 1988, I received a call at the (Samuel) Rodgers Health Center. It was from Fuzzy Thompson, wanting a place to have a rally that featured Jesse Jackson and some farmers from Chillicothe. I agreed but Fuzzy was unsure if it would take place. . .so I kept it a secret from our staff. . .mainly because I did not want to face it, if Jesse failed to come. Well, Jesse did come and so did all those farmers who were about to lose their family farms. Tractors, limousines, and a string of cars paraded right down in the middle of the Wayne Miner projects. And people came from everywhere, to hear and see ol’ Jesse. And when he donned the back door, he immediately started planning who would talk, when, and at what point he would enter. Details. Details. Right there on the spot. I immediately saw how Jesse operated. . .great organizing skills, clear instructions, which included a tribute to Dr. Rodgers and a “thank you” to me for helping out. All within a ten-minute planning session. Jesse stood tall in my books and one could see why he is important to all of us, especially us sports fans. On the way out, I mentioned to Jesse that there were no black head coaches in the National Football League. Jesse, who had been a classy running back at Illinois, told me that he would work on that. A few years later, Jesse started meeting with the owners in the NFL, asking them to include one black coach in the final interviews, only when head coaching vacancies occurred. The owners agreed and today, some 10 years after, there are seven black coaches, proudly running things at various franchises. As of this date, the illustrious field of head coaches now include Lovie Smith Chicago), Marvin Lewis (Cincinnati), Tony Dungy (Indianapolis); Dennis Green (Arizona); and Romeo Cremmel (Cleveland). The remaining two were on the field Sunday, out at Arrowhead. . . Herman Edwards (Kansas City) and Art Shell (Oakland). And that is what Jesse had to do with the game, last Sunday, out at Arrowhead. Thanks, Jesse. You always know what to do and say. Happy Thanksgiving To All Of Our Readers!"
60985,"Monday Nite Footballers Predictions By Jim “Grand Dad” Nunnelly Predicting Since 1970 Charles Allen (3) Chiefs by 3 Desperation Blue Monday Paul Booker (5)* Patriots by 13 Chiefs are non-Patriotic Carl Clark (1) Patriots by 3 Chiefs playing like it's a bye week Bubba Cleaver (3) Patroits by 14 Kerry loses Patroits win Ike Gardner (5)* Patriots by 21 Buffoonery of a secondary has spread to rest of team Lloyd Greenfield (3) Chiefs by 3 Unprintable Ollie Hubbard (5)* Patriots by 12 They bake some beans Jim Nunnelly (3) Chiefs by 6 Trent, Kennison, Morton, Gonzales, and Warfield Ed West (2) Patriots by 20 Chiefs' defense is broken! Kansas City Chiefs vs. New England Patriots 8:00 p.m., KMBC TV 9 Predictions (Wins In Parenthesis) •correctly picked Chiefs to lose against New Orleans Chatter, Conversation And Commentary “Vicissitudes” This word means the expected changes and variations. The weather and the stock market are examples of vicissitudes. Now, our beloved Chiefs have adopted that same philosophy. They start out strong, scoring many times on the first possession; then, they fade a little in the middle; and just plain peter out in the end. So many times lately, we Monday Niters have witnessed that. And because of the Chiefs’ likely outcomes, we spent last Monday night, talking about movies, rather than the Chiefs. While some of us are in denial, we are all disillusioned optimists. Consequently, our left-over verve from last year is gone and all we can talk about now is classic, big-screen favorites like “Imitation of Life” and “One Eyed Jacks” and “The Godfather” and on and on. For 35 non-stop years, we have ceaselessly talked about the Chiefs and Monday Night Football. And after the New Orleans debacle, we might as well change our interests to movies. For there is not much to talk about these days, when it comes to our Chiefs. But, wait! Didn’t the Chiefs beat Baltimore, earlier this year, on a Monday night? Yes. And didn’t we once beat Buffalo, a Super Bowl contender, here at Arrowhead a decade ago? Well, doggone it. The Chiefs, after many vicissitudes, might just topple the high-flying New England Patriots. Maybe. Or else we’ll change our name."
35834,"Monday Nite Footballers Predictions By Jim “Grand Dad” Nunnelly Predicting Since 1970 Philadelphia Eagles vs. New England Patriots 5:30 p.m., WDAF-TV 4 2004 Top Predictors Paul Booker Ike Gardner Chatter, Conversation And Commentary The Chiefs are returning home to play the Atlanta Falcons, this Sunday. Tired, weary, confused, and broke of spirit, they will try to restore the widespread fan faith of a year ago. Instead of being atop everything, the Chiefs are 1-4, allowing the less faithful an opportunity to pontificate. And there's been a lot of fan talk about why the Chiefs decided not to exercise their trading rights, given their dismal record. Have the Chiefs conceded the season and are now positioning themselves for first round drafting in 2005? Balderdash! This team has what it takes to win. And you can expect them to get the offense and defense uncorked this weekend. The Chiefs must win for ticket prices have now fallen below zero. And merchants who overstocked their shelves with Chiefs' accessories, are worried that the extra large supply of jerseys, hoodies, baseball caps, ashtrays, and a lot other stuff will remain unsold. Look for either a rushing, passing, and sack record to fall Sunday. The Chiefs will outslick Vick. Charles Allen Eagles by 10 T.O. or No Offense Paul Booker Eagles by 13 T.O. makes the day Carl Clark New England by 7 The Brady Bunch Bubba Cleaver New England by 14 Nothing new about NE and the Super Bowl. Ike Gardner Eagles by 3 T.0. wants to show just how important he is ! Lloyd Greenfield New England by 7 Patriot passing soars higher than the Eagles fly Ollie Hubbard Eagles by 12 Time for a change Jim Nunnelly New England by 10 The 2005 Patriot Act Ed West New England by 7 Brady IS the key! (CALL STAFF) Donna Stewart Eagles by 10 Intangibles Eric L. Wesson New England by 30 Without T.O.; with T.O., 47-21 Tracy Allen New England by 10 Still The Champs SUPER BOWL POTPOURRI As one can discern, the Monday Niters are divided about what team will win on Sunday. Enough said about that. Ike and Booker are the season’s best predictors. Enough said about that, too. But rather than write an organized, thoughtful column, let’s just look at some Super Bowl trivia and potpourri (just miscellaneous stuff). This will be particularly helpful to those of you who are casual football fans and look to our column for helpful hints. Here goes: •Janet Jackson has been replaced by Paul McCartney as the halftime keynote. •It's been 24 years, since the Eagles landed at the Super Bowl. Dick Vermeil was the coach, then. •Jacksonville is the smallest and newest city to host a Super Bowl. The site is Alltell Stadium. •New England will be in the Super Bowl for the third time in four years. Tom Brady, Patriot quarterback, was named MVP in the two games won by the Patriots. •Most of the chatter has been about whether Terrell Owens will play. Chances are he will suit up and star. The Pro Bowler caught 14 touchdown passes in 14 games. •Tony Gonzalez, Chiefs' All-Pro tight end, says New England will win. Also, Renee Gardner, Ike's daughter, believes in the Patriots, as well. •It was Super Bowl 22, in 1988 when Doug Williams, first black quarterback to start a Super Bowl, just showed out in Washington’s victory over John Elway and the Denver Broncos. The score was 42-10, with Doug throwing for 4 touchdowns. •New England safety, Rodney Harrison is considered the “dirtiest” player in the NFL. He has been fined over $350,000 for his vicious hits on receivers. •Lloyd and Geneva Greenfield will host the Monday Niters and their guests at their Birchwood subdivision home for the annual Super Bowl party. Lloyd is a real estate advisor and Geneva is a renown storyteller."
64516,"Monday Nite Footballers Predictions By Jim “Grand Dad” Nunnelly Predicting Since 1970 Charles Allen 1) Chiefs by 3 We hope to cure the athlete's foot Paul Booker (3) Atlanta by 7 Chiefs' defense is clueless! Carl Clark Atlanta by 7 Gunther won't suit up Bubba Cleaver Chiefs by 7 Election, notwithstanding Ike Gardner(3) Atlanta by 10 Vick is too slick! Lloyd Greenfield(1) Chiefs by 3 I'm going down with the ship! Ollie Hubbard (2) Atlanta by 7 More banana peels Jim Nunnelly (1) Chiefs by 10 Priest, Daton, Morton break records! Ed West Chiefs by 7 KC should lose; but they'll win Kansas City Chiefs vs. Atlanta Falcons 12:00 p.m., WDAF TV 4 Predictions (Wins In Parenthesis) Stewart “Jack Rabbit” Watson Chiefs by 7 Chiefs will snare a falcon. Chatter, Conversation And Commentary The Chiefs are returning home to play the Atlanta Falcons, this Sunday. Tired, weary, confused, and broke of spirit, they will try to restore the widespread fan faith of a year ago. Instead of being atop everything, the Chiefs are 1-4, allowing the less faithful an opportunity to pontificate. And there’s been a lot of fan talk about why the Chiefs decided not to exercise their trading rights, given their dismal record. Have the Chiefs conceded the season and are now positioning themselves for first round drafting in 2005? Balderdash! This team has what it takes to win. And you can expect them to get the offense and defense uncorked this week-end. The Chiefs must win for ticket prices have now fallen below zero. And merchants who overstocked their shelves with Chiefs’ accessories, are worried that the extra large supply of jerseys, hoodies, baseball caps, ashtrays, and a lot other stuff will remain unsold. Look for either a rushing, passing, and sack record to fall Sunday. The Chiefs will outslick Vick."
60328,"Monday Nite Footballers Predictions By Jim “Grand Dad” Nunnelly Predicting Since 1970 Charles Allen (3) Chiefs by 3 Desperation Blue Monday Paul Booker (5)* Patriots by 13 Chiefs are non-Patriotic Carl Clark (1) Patriots by 3 Chiefs playing like it's a bye week Bubba Cleaver (3) Patroits by 14 Kerry loses Patroits win Ike Gardner (5)* Patriots by 21 Buffoonery of a secondary has spread to rest of team Lloyd Greenfield (3) Chiefs by 3 Unprintable Ollie Hubbard (5)* Patriots by 12 They bake some beans Jim Nunnelly (3) Chiefs by 6 Trent, Kennison, Morton, Gonzales, and Warfield Ed West (2) Patriots by 20 Chiefs' defense is broken! Kansas City Chiefs vs. New England Patriots 8:00 p.m., KMBC TV 9 Predictions (Wins In Parenthesis) •correctly picked Chiefs to lose against New Orleans Chatter, Conversation And Commentary “Vicissitudes” This word means the expected changes and variations. The weather and the stock market are examples of vicissitudes. Now, our beloved Chiefs have adopted that same philosophy. They start out strong, scoring many times on the first possession; then, they fade a little in the middle; and just plain peter out in the end. So many times lately, we Monday Niters have witnessed that. And because of the Chiefs’ likely outcomes, we spent last Monday night, talking about movies, rather than the Chiefs. While some of us are in denial, we are all disillusioned optimists. Consequently, our left-over verve from last year is gone and all we can talk about now is classic, big-screen favorites like “Imitation of Life” and “One Eyed Jacks” and “The Godfather” and on and on. For 35 non-stop years, we have ceaselessly talked about the Chiefs and Monday Night Football. And after the New Orleans debacle, we might as well change our interests to movies. For there is not much to talk about these days, when it comes to our Chiefs. But, wait! Didn’t the Chiefs beat Baltimore, earlier this year, on a Monday night? Yes. And didn’t we once beat Buffalo, a Super Bowl contender, here at Arrowhead a decade ago? Well, doggone it. The Chiefs, after many vicissitudes, might just topple the high-flying New England Patriots. Maybe. Or else we’ll change our name."
58652,"Monday Niters To Be Featured Before Chiefs’ Game with pic By The Sports Guy Some of the members of the infamous Monday Niters, who have been watching Monday Night football together for 34- years, will be featured on the Tailgate show Monday night on Channel 9 before the Chiefs play or get beat by the Tennessee Titans. The group has a column that has been featured in THE CALL with their football predictions of Chiefs’ games since 1980 but began with their New Year’s column in 1970. They rotate around to each members home for dinner on Monday nights. The Sports Guy has had the opportunity to attend a couple of Monday night games at the home of Jim Nunnelly and recently Ed West. They are all really a great group of guys. There is a great deal of wisdom and history in the room and they will even be helping The Sports Guy pass out Christmas baskets to needy families next week, but have to tell you. If you really want to watch a football game and actually hear what is said, don’t go near them on Monday night, you won’t hear a thing. Anything that you can think of is a topic of discussion. Ike Gardner boasts that he has won the most games overall in the group’s history of course he is immediately challenged by Lloyd Greenfield, Carl Clark and Paul Booker even wakes up to challenge Gardner’s claim that he has won the most games. “I want to tell you all something. I am not opposed to the Chiefs as much as some of you all are. You paint the picture that I am always against the Chiefs. I am only against them when they are playing a team that they cannot beat. I have never said that they Chiefs are going to lose all of the time,” said Gardner. “See that ole’ fat mouth Nunnelly started that,” Gardner yelled. Of course Nunnelly denies doing any such thing. Ed West shares the secret of the groups long term success. “Our wives deserve most of the credit. They cook for all of us and make their homes presentable for guests. They are very gracious hosts for a bunch of ragga’ muffins,” said West. “It is a lot cheaper now to host a game than it was when I first joined the group 25-years ago. Nobody drinks anymore so we don’t have the cost of buying alcohol,” West said. There are countless photos of the group through the years and the events that they have attended both in Kansas City and St. Louis when there was a group of Monday Niters there. And there were too many New year’s parties to count. There is even a Governor’s Cup trophy that the group competed against St. Louis with."
84488,"Monday Nite Footballers Predictions By Jim “Grand Dad” Nunnelly Predicting Since 1970 Super Bowl XXXVII Oakland Raiders Versus Tampa Bay Buccaneers 5:18 p.m., ABC-TV 9 Ike Gardner Paul Booker Charles Allen Carl Clark (7) Oakland by 6 Oakland by 14 Oakland by 14 Oakland by 7 Good defense Raiders will serve It’s Gannon time Raiders’ offense overrides good up plenty of is superior offense; But my Brown/Rice ‘gut’ level pushes me toward Oakland Lloyd Greenfield Ollie Hubbard Jim Nunnelly Ed West Oakland by 7 Oakland by 3 Tampa Bay by 6 Oakland by 10 Tampa will Power to the Bucs have the Best quarterback disintegrate, Elderly Gruden edge and great receivers Oakland will prevail Bubba Cleaver Jon Gray Donna Stewart Tracy Allen Oakland by 10 Oakland by 10 THE CALL THE CALL Gannon’s cannon Tim Brown’s time Oakland by 7 Oakland by 4 Intangibles Respect your elders (Gannon, Rice, Brown, Woodson, Romanowski) Chatter, Conversation And Commentary There are two important similarities to the two teams in the 2003 Super Bowl. First, they both proudly wave Pirates’ flags, one calling themselves the Buccaneers and the other known respectfully as the Raiders. Then, too, each share the influence of a common head coach, Jon Gruden. There, the similarities cease. On the other hand, the Raiders sport the NFL’s Most Valuable Player in quarterback, Rich Gannon. On the other hand, the Bucs have Warren Sapp, arguably the best defensive lineman to ever play the game in recent times. The Raiders will place their receiving hopes in their Medicare acquisition, Jerry Rice. And the Bucs will put their trust in Deion-like, Keyshawn Johnson. All of this makes for a competitive and entertaining Super Bowl, assuring that each team has a reasonable chance to win. Of course, most Monday Niters believe in Oakland. That’s because they are Gannon worshippers, never letting go of the fact that the Chiefs let this rugged individualist star get away. Plus, they feel some faulty pride in that the AFC West produced the most competitive division in football. Nevertheless, the Bucs have a coaching genius in Jon Gruden. And it is my belief that this “coaching factor” is a real key. While some may rightfully argue that the coach will not wear a uniform, leaving player performance as the most important outcome factor on Sunday. But, any respectable football fan, knows that in close games, the coaching effect reigns supreme. Things like clock management, blitz-timing, and playcalling are all decisions directly influenced by the head coaches. So, given that this will be one of the closest Super Bowl games, Jon Gruden becomes the “difference maker” out in San Diego, giving the Bucs the vital edge and their first championship ever."
302734,"Monday Niters Where have the legacy gone, the ones on brought on by Buck Buchanan, Willie Lanier, Emmitt Thomas and Otis Taylor? The Chiefs suck and made us reminsce about the “good old days” when win or lose, fans felt good about our home-town Chiefs. But after Sunday’s brutal beating by Oakland, we are convinced that the Chiefs could not even beat Raytown Middle School Blue Jays. And the coaching was as bad as it has ever been. From the grave, Hank Stram would ask Herm. . . “what the hell are you doing with my team”? And pulling Larry Johnson from the line-up cashed in any hope we had of winning. Just don’t know about these Chiefs. If we put Larry back in the line-up and run him 30 times, we just might win Sunday. Otherwise, Paul, Carl, Bubba, Ike, Ollie, Lloyd and Ed are right. Just Charles and I think the legacy will return. Hopefully! DR. CHARLES ALLEN: Graduated from UMKC Dental School at age 38. . . gets inward satisfaction from providing needed dental services. . . Catholic by faith. . . a man of a few words but delivers exactly what he promises. . . mentors young professionals. . . known to hang out every once in a while (every dat). . . has never predicted against the Chiefs. . . though he is thoroughly disappointed with but hopeful for the Chiefs. . . Chiefs by 3. PAUL BOOKER: Will celebrate his 72nd birthday in November. . . has perfect attendance at the 6902 School. . . believes today’s teenagers are smarter than their parents, which makes the role for grandparents very important. . . has taken an annual physical each year for the past fifty years. . . doesn’t smoke but will take a sip or two or three or four. . . thinks the Chiefs are busted and will not beat the Falcons.. . . no way, no how. . . Atlanta by; 13 CARL CLARK: A Navy veteran...a vice president of the Ivanhoe Club, one of the oldest social clubs in our community. . . planning a trip to Martha’s vineyard. . . went to Indonesia and thought it was Paradise...loves to argue about everything...but no argument about this week’s prediction. . . believes the Chiefs have too many problems to win. . . Atlanta by 14. BUBBA CLEAVER: Has three spoiled grandchildren. . . has real inside knowledge on foreclosures. . . played college football with Otis Taylor. . . lives three blocks from the United States Capitol. . . .number one goal is to get Obama elected. . . spends big and...shops furiously at the area’s best thrift stores. . . believes the Chiefs’ snowball is rolling downhill. . . Atlanta by 10. IKE GARDNER: Joined the Alphas at Howard University way back in 1954. . . attended Lincoln High School, later taught psychology, math, and science there. . . feels strongly that black men should eat appropriately and exercise regularly. . . has a tendency to tell the same story over and over and over. . . but his story against the Chiefs never changes. . . He says the Chiefs have no offense, no defense, and no coach. . .well all right now, Atlanta by 30. LLOYD GREENFIELD: Made sure that the Monday Nite Footballers joined as Life Members of the NAACP. . . s working on purchasing a table at the October 18 annual dinner.. . . spoils his grandchild but not too much. . . wife also a patron of the arts. . . balding beyond belief. . . speaks with authority about the Chiefs’ upcoming loss on Sunday.. . . Atlanta by 7. JIM NUNNELLY: Goes by the moniker “Grand Dad”...retiring from Jackson County at the end of year. . . will consult with local organizations afterwards. . . provides the best recommendation letters for teenagers going off to college. . . still will not patronize Shell gas stations because of racial remarks made a 10 years ago. . .has a very quiet demeanor. believes Chiefs should resurrect Larry Johnson and thus, beat Atlanta. . . Chiefs by 3. ED WEST: Insisted on sauna in his fantastic house...a body of a 40-year-old (now 70 plus). . . grew up in Osawatomie, Kas. . . one of first African American supervisors at old Western Electric. . . believes that Obama has a chance to win if he can do something about this economy. . . won a national award for falling asleep the fastest...favorite song “wake me when it’s over”. . . believes the Chiefs cannot win because no offense, no defense, equals no win. . . Atlanta by 10."
59380,"Monday Nite Footballers Predictions By Jim “Grand Dad” Nunnelly Predicting Since 1970 Charles Allen (3) Paul Booker (6) Carl Clark (2) Bubba Cleaver (4) Ike Gardner (6) Lloyd Greenfield (3) Ollie Hubbard (6) Jim Nunnelly (3) Ed West (3) Kansas City Chiefs vs. Oakland Raiders 3:15 p.m., KCTV 5 Predictions (Wins In Parenthesis) Chatter, Conversation And Commentary"
45395,Monday Nite Footballers Predictions By Jim “Grand Dad” Nunnelly Predicting Since 1970 Men’s Final Four Predictions Charles Allen Illinois and Michigan State Illinois Paul Booker Illinois and Michigan State Michigan State Carl Clark Illinois and North Carolina Illinois Bubba Cleaver Illinois and North Carolina North Carolina Ike Gardner Illinois and North Carolina North Carolina Lloyd Greenfield Illinois and Michigan State Michigan State Ollie Hubbard Illinois and Michigan State Illinois Jim Nunnelly Louisville and North Carolina Louisville Ed West No prediction presented
281476,"Monday Nite Footballers Predictions By Jim “Grand Dad” Nunnelly Predicting Since 1970 Charles Allen (12) Chiefs by 14 The end zones are still in sight Paul Booker (11) Chiefs by 10 Offense must score big! Carl Clark (12) Chiefs by 7 I believe! Ike Gardner (11) Vikings by 7 Sometimey Minnesota vs. no defense Chiefs Lloyd Greenfield (11) Chiefs by 7 Offense got game; defense got blame Ollie Hubbard (12) Chiefs by 14 Rev. Smith hates my language! Ed West (12) Chiefs by 10 Chiefs will sink the Vikings’ ship Kansas City Chiefs vs. Minnesota Vikings 4:00 p.m., WDAF-TV 4 Predictions (Wins In Parenthesis) Chatter, Conversation And Commentary It is different, with the Chiefs, these days. Last year, at this time, the Chiefs were fighting, just to make .5000 and trying to make the ever-elusive playoffs. Not so, this year. Already four games above .500. Already made the playoffs. Already won the AFC West Division. So, what’s next. Well, Sunday, the Chiefs will move on to Minnesota and puruse homefield guarantee. While the Chiefs struggle to keep opposing running backs from openly devouring us, the Chiefs are sporting a large-scale, league-leading offense. One that features an All-Pro running back, a late-rising quarterback, and a herd of unstoppable receivers. And while everybody knows the almost-unblemished offense, every one still thinks the run defense will eventually run us down. But, weak defense or not, tomorrow’s game rest solely on how well the Chiefs are able to contain the Culpepper-Moss connection. This reliable duo will test the secondary, this time with short and long passes. Some will be bullet-accurate and others will be bobble-wobbly. Either way, look for Warfield, Wesley, and Woods to have their hands full. Moreover, the same defensive line that allowed Clinton Portis, through the cracks, will now have to rush and deck Culpepper. Just like covering Moss, sacking Culpepper will be a formidable task. Ike thinks Minnesota will win. He’s back, y’all. All he needed was a resounding Chiefs’ loss, and here he comes with that Chiefs-bashing stuff, again. Don’t worry, the Chiefs will be watching Sunday, to see if they are closer to homefield advantage, throughout the playoffs. Happy Holidays! Bubba Cleaver (13) Chiefs by 14 Minna SO What! Jim Nunnelly (12) Chiefs by 13 The rolling Chiefs will gather up some Moss"
215232,"First Samuel, Chapter 17 The Bible, literature, television and everyday life are full of examples of how the unexpected victor rises, in spite of the odds. Well, that theme is appropriate for the youthful Chiefs as they take on the long-respected Indianapolis Colts. Yea, we know about the older, more war-like “Philistines”. There’s Manning and his passing partner, Reggie Wayne. And then on Kansas City’s side, there are the “Kids R Us”. And in “David and Goliath” fashion, these two teams will meet on Sunday, at noon, in Indianapolis. And like David, the Chiefs only have a sling shot, and a bag of five stones to throw at last year’s AFC champion. Those five stones are Hali, McCluster, Johnson, Charles, and Jones. It begs the question....can the Chiefs (fresh off a bye week) beat the Colts (fresh off a butt-kicking from Jacksonville)? The answer is “yes they can”. But, is it realistic? Yes! But, is likely? NO! And the Monday Niters line up just like those who predicted that Goliath would destroy the little kid, named David. Let’s look in and see what these “haters” think about Sunday’s game. THE VENERABLE DR. CHARLES ALLEN: Doc is truly a bible reader. He knows that the odds are against the Chiefs’ “kids” But, he also knows that everyone thought that Goliath would destroy David. Doc says repeatedly that the Chiefs are better than most people think. Not a hater at all. CHIEFS by 10. THE APOSTLE PAUL BOOKER: Booker has consistently “hated on” the Chiefs. And you can’t blame him for the Chiefs have been “shaky”, as all of us were when we were young. But, Booker says the “impossible” will never happen in Peyton’s Place. Thus, he sees Goliath as the winner, on Sunday. COLTS by 14 THE COOL CARL CLARK. . . Carl is not a hater and he is not a loyalist, either. He’s on the fence a lot, often going with and against the Chiefs. Yet, he seems open to the possibility that the Chiefs may be a developing team that has not played a tough team yet. The Colts are that “tough” team. COLTS by 14 CONGRESSMAN “REV” CLEAVER: Definitely on the campaign trails these days, hoping to be re-elected to the United States Congress. In fact, he created a “preaching songbirds” program that will feature local ministers who sing to their congregations, as well as preach. So forgive him if he fails to think clearly about the Chiefs and their new rise to prominence. He’s been too busy campaigning and has allowed Ike and Booker to over-influence his thinking. He says the Chiefs are better, but not going to have a chance in Peyton Place. COLTS by 10. IKE “PAW-PAW” GARDNER: A Chiefs “hater” from way back. While intelligent, Ike just doesn’t see the light. Without even thinking it through, he says the Chiefs are leading the NFL’s weakest division. He says the only way the Chiefs can win on Sunday is for the Colts to forfeit the game. Whew! He adds the Chiefs have too many “kids” on their 3-0 team. Regretfully he is taking GOLIATH AND THE COLTS by 17. USUALLY LOYAL LLOYD GREENFIELD: Lloyd has been talk to Ikd and that Booker a lot lately, indicating that he is wavering in his belief about the Chiefs. Usually, he is fearlessly backing the Chiefs. But, like the Goliath crowd, he is changing his vote this time and going with the Colts. He believes the Chiefs “are still in their infancy” and cannot beat the Chiefs, at this time. COLTS by 6 OLLIE “CNN” HUBBARD: Any kind of news is Ollie’s business, whether true or untrue. And he thinks there will be “good news”, coming out of Indianapolis on Sunday. As a member of Ebenezer AME Church, Ollie believes the Chiefs will sink a stone into the “forehead” of the Colts. A former hater, Ollie is now a believer/loyalist. CHIEFS by 3. JIM “GRAND DAD” NUNNELLY: Always supporting the youngsters. He feels the Chiefs are re-tooled and have new skills, at every position i.e. running back, defensive line, linebackers, secondary, and even the offensive line and special teams. If there is a weakness, it is the “forced bye week” that came when the Chiefs were “rising fast”. Currently, the only undefeated team, the Chiefs will use their “rocks” wisely and overcome the “sluggish” Colts. Face it yall, Goliath and the Colts are getting older and slower and showing signs of demise. CHIEFS by 3. ED “THE GEE” WEST: Ed is one of the few “senior citizens” who always packs his i-phone and laptop computer wherever he goes. And he settles many an argument by just speaking into his phone. His quiet demeanor serves him well for he usually goes with the facts and never allows the “haters” to get to him. Though he knows the Chiefs can throw running backs at the Colts all day Sunday. And he knows that the Chiefs are vastly improved over years past. But, he thinks the Chiefs don’t have enough to beat the Colts. COLTS all the way. ERIC “ERICA’S DAD” WESSON: Eric has not drank the Chiefs’ kool aid yet. Yes they look good defensively in a lot of areas. He feels they have not been tested yet. San Diego is one dimensional without their work horse running back LaDainian Tomlinson who they let go for some unknown reason. If I were the owner I would fire everyone who had something to do with that deal. Then they beat “no diminsional” Cleveland Browns and San Francisco. payton Manning in the man inspite of several losses early in the season. Once they start rolling they may win 12 games in a row including Sunday’s slacking of the Chiefs by 9. Final Note: Everyone knows there is always a chance for the underdog. Many of us have prevailed, when all the odds were totally not in our favor. And that will be the motivation that the Chiefs will take into Indianapolis, Sunday. Clearly, we are living in “changing times”. Who would have thought we would ever have a black man in the White House? And likewise, who would have thought the Chiefs would be undefeated and positioning themselves to become a contender? Those of you who line up with the “haters”, read First Samuel, Chapter 17, verse 49. Enough said."
169210,"African Cabbage, Mrs. Myla Banks, And The Chiefs We, Monday Niters, know that when we go to Dr. Allen’s house, there will be “something new”. Of course, Dr. Allen, a long-respected dentist, fashions himself as a culinary artist. He thrives on finding different foods to serve us. This week it was African cabbage, merlot-induced gravy, a medley of beans, macaroni with ham and peas, fried chicken strips and Yorkshire pig feet. Yes, we had pig feet and it was presented as a delightful delicacy. Of course, Dr. Allen recognized the essential contributions of his daughter, Tee and his wife, Beverly. Commonly called the “A Team”, they helped us celebrate the Chiefs’ victory over Green Bay. It certainly helped that Dr. Allen was the only Monday Niter to pick the Chiefs over Green Bay. So he was all smiles. Even overly-mean Ike Gardner was grinning. That’s because Mrs. Myla Banks, a long-time educator in the Kansas City Missouri School District, actually phoned Ike. That shows you how nice Mrs. Banks is because no one calls Ike just to chat. Right there in the middle of the game, he and Mrs. Banks talked about old times and she chided Ike for being so hard on the Chiefs. In fact, she flat-out told him she was picking the Chiefs over Oakland, Saturday at Arrowhead. Of course, everyone saluted Mrs. Banks because she has been one of our most faithful readers of our column. That’s a blessing because Mrs. Banks still can be seen around town, talking to the owner of the Chiefs or conversing at the annual NAACP luncheon. Thanks, Mrs. Banks, but that wasn’t all that happened. Paul “Hater of All Haters” Booker actually made a confession, stopping all the usual noise. And you will have to read his comments below to find out exactly what he said to “blow us all away”. We were floored and most of us went home, knowing that Booker had been “touched” by something. The 19-14 victory over Green Bay must have surprised him big-time. And so it was with the Chiefs. The Chiefs could not believe it, themselves. Green Bay came to town, undefeated and expected to just beat up the lowly-Chiefs and move on toward the Super Bowl. But, Tambi Hali and the defense gave the offense some room. And the new quarterback, Orton, looked like he “done found him a job”. When was the last time you saw a Chiefs’ quarterback zip a pass between two defenders? Face it, Orton is the “O” factor and should be expected to help the Chiefs this week. And if things work out against Oakland, then the new Chiefs with the “O’ factor will return to Denver, against the team that cut him four weeks ago. Speaking of Oakland, will the Chiefs make a serious run for the playoffs? Let’s see what the Monday Niters think. Now, be sure to look for what Booker said. Dr. Charles Allen: The new coach, Romeo Crennel, has created a new culture in the Chiefs’ organization. That culture led to a big, unexpected showing against Green Bay. The formidable Packers were not looking for a tough game against the Chiefs. But the Chiefs came through, just like Charles said they would. Chiefs by 10 Paul “the Converted Apostle” Booker: Booker says the change in attitude among the players is remarkable. They just wouldn’t play for Todd the Tyrant. Like Patti LaBelle, the Chiefs now have a “new attitude”. And because of that, Booker is picking the Chiefs over Oakland. Do you believe it? He is parting waves with “that” Ike and has accepted the Chiefs as winners. Praise the Lord. Chiefs by 7 Carl Clark: Carl still thinks the Chiefs were lucky last Sunday, against Green Bay. Even though the Chiefs controlled the ball longer, sacked Aaron Rodgers several times, and even scored on two long drives. Still, Carl is not convinced and he has now taken on Booker’s old role, as a “hater”. Oakland by 7 Congressman Cleaver: Cleaver is still in Washington, trying to get the Republicans to pass a tax-cut bill for the middle class. In fact, they are about to make “Rev.” mad. That’s because Rev. wants all of us to pay less payroll taxes and the Republicans are holding it up. And it is driving Rev insane with this kind of duplicity. Anyway, Rev is convinced the Chiefs played well and will probably do the same against the Raiders. . . so. . . Chiefs by 7 Ike “Oldest Grench Alive” Gardner: Ike enjoyed talking to Mrs. Myla Banks. He even smiled a time or two, during the ten-minute conversation. That made him say later that he was glad that dumb-ass Haley was no longer coaching the Chiefs. And he kind of sighed when he learned that his long-time-hater-ally, Booker had been converted to the Chiefs. That made him mad and he again denounced the Chiefs. . .what’s new?. . .Oakland by 10 Lloyd Greenfield: Lloyd says that Green Bay just under-estimated the Chiefs. It is refreshing to see the Chiefs playing as a team. They have recovered quickly from “Haley-itis”, which led them to mess up and not score. Lloyd is cautiously optimistic about the Chiefs winning the next two games. . .but starting Saturday. . . it is the. . . Chiefs by 3 Ollie “Dr. Death” Hubbard: Just the other day, Applejack Matthews commented that Ollie is among the world’s most informed obituary experts. And Ollie is not yet sounding the death alarm for the Chiefs. He thinks that this is just the beginning of a “new day” for the Chiefs. He is sending a loud message to his cousin, Faye, in Oakland. Chiefs by 5 Jim “Grand Dad” Nunnelly: There was a song by the Persuaders, called “ A Thin Line Between Love And Hate”. That’s how I feel about the Chiefs...you like ‘em one minute and hate ‘em the next. But last Sunday, no one hated the Chiefs. People everywhere were praising them, just like the were the new “David”, slaying Goliath Green Bay. More important, Romeo Crennel looks like he “done found a job too”. But he gotta win Christmas Eve against Oakland and New Year’s Day out at Denver. . . he will, at least this Saturday at Arrowhead. Chiefs by 6 Ed “Always Right” West: Ed never got over hiring a golf coach to coach pro football. You will remember Haley was a golf coach at one time and Ed has never supported him. But Ed is quick to praise Crennell for his philosophy includes both the offense and defense. Coming from a real football player, Ed is again right, especially about Romeo’s Christmas gift to the fans. Chiefs by 7 Eric “Last Second Christmas Shopper” Wesson: It is just hard to gauge what the Chiefs are going to do. They play so inconsistent. They allow Miami, which had not one any games, come in and beat them soundly. Then they send Green Bay packing in a game they really had no chance, on paper, of winning. But, I suppose a quarterback and coach will make a difference. The Chiefs, will beat the Raiders by 10. Get Romeo’s three-year contract ready."
355331,"Monday Nite Footballers Predictions By Jim “Grand Dad” Nunnelly Predicting Since 1970 Kansas City Chiefs vs. San Diego Chargers 12 p.m. KCTV 5 Game Prediction (Wins In Parenthesis) Charles Allen Paul Booker Carl Clark Bubba Cleaver Ike Gardner Chiefs by 10 Chiefs by 3 Chiefs by 7 Chiefs by 14 San Diego by 3 Great way to start I want to Defense, Priest is Cornerbacks the season believe!! definitely stronger ‘Holmes’ free can’t contain Drew Brees Lloyd Greenfield Ollie Hubbard Jim Nunnelly Ed West Chiefs by 6 Chiefs by 12 Chiefs by 7 Chiefs by 6 Expect a rolling The right start, Special teams, Priest needs year kicking butt defense show out his raise! Chatter, Conversation And Commentary It’s the third year of the Dick Vermeil era. The Chiefs’ offense, the best in the NFL last year, is in tact. Their defense has been beefed up, led by Shawn Barber, Ryan Sims, and the returning Jerome Woods. And except for cantankerous Ike Gardner, we all believe the Chiefs will win the season opener against San Diego, Sunday out at Arrowhead. But, Ike is Ike. Even his closest friends don't understand why he has taken such an opposing view, when it comes to the Chiefs. Understandably, he is a frustrated, loyal Chiefs’ fan. In fact, his season ticket seats are on the 50-yard-line, directly behind the Chiefs’ bench. That way, he can harass, meddle with, and help coach the Chiefs. Sincerely though, Ike just wants the Chiefs to return to the old glory days. And, it has been 33 years, since the Chiefs have been to the Super Bowl. Thus, Ike represents a group of old-timers, who just want the Chiefs to compete well and be respected, again. Because he has been disappointed so many times, he has lost faith and just wants the Chiefs to win those games and not just give them away. So, next week, Monday Niters will all look into the future, and predict just how many games the Chiefs will win in 2003. That discussion will take place this Monday night, just as it has for the last 34 years. Ten friends, sitting down together, eating a kingly-prepared meal, taking a quick nap, and just talking endlessly about their favorite pastime, football. Even, Ike joins in, occasionally. Editor’s Note: Of course, Ike continues to give up on our beloved Chiefs even before they take their first series in the new season. Well, ol’ Ike, someday you’ll learn. Of course the real “Chiefs” faithful will show you old-timer just how good this 2003 bunch will be. Come on Ike, give us some love."
70477,"Monday Nite Footballers Predictions By Jim “Grand Dad” Nunnelly Predicting Since 1970 Charles Allen Chiefs by 10 Even there! Paul Booker Denver by 10 Defense can't stop quarterback Carl Clark Chiefs by 7 No comment Bubba Cleaver Chiefs by 4 Defense is better Ike Gardner Denver by 10 Chiefs' defense is vulnerable Lloyd Greenfield Chiefs by 6 Expect a lot from improved defense Ollie Hubbard Chiefs by 7 On the warpath! Jim Nunnelly Chiefs by 3 Tynes: the difference-maker Ed West Chiefs by 7 New defense means winning! Robert Lee Allen Chiefs by 7 Chiefs will win, again! Kansas City Chiefs vs. Denver Broncos 7:30 p.m., ESPN and Channel 9 Predictions Chatter, Conversation And Commentary Isn’t it funny that we are all worried about the Chiefs’ defense? It wasn’t that long ago when we were all equally concerned about the Chiefs’ offense. So it goes. The vicissitudes of professional football are what makes for the continued, record-breaking popularity of the game. And it will all start this Sunday, with the Chiefs visiting arch-rival, the Denver Broncos. Our readers will remember that the Chiefs actually won 13 regular-season games last year (the best in the National Football League). While some of the games could have gone either way, the Chiefs generally rose to the last-minute occasion. That is a good thing. With Boerigter out for the season and Johnnie Morton crippled, all of a sudden, everyone is talking about how the Chiefs are lacking in receivers. Do not sweat it! The Chiefs were overstocked in receivers last year, anyway. Remember, how much Tony Gonzalez used to complain about his few touches. And don’t forget about Eddie Kenniston, who I believe to be the “best” Chiefs’ receiver. And Dante Hall will be all right, since every special teams coach will be geared to limit his return yardage. Denver will pose a tough test, especially for our defense. But, most of us think the Chiefs’ offense will prevail, especially with the stable of running backs, featuring Larry Johnson and Priest Holmes. Look for the Chiefs to win, by a narrow margin."
142594,"Scandal, Luck, And The Chiefs If you are up till 9, on Thursday nights, no doubt you have become addicted to the tv drama series, called “Scandal”. It stars Kerry Washington, a black female who operates in and about Washington and all the mess. However, she is both part of and solution to all the drama, surrounding those who seek and own world power. This chick is bad, yall. She has total access to the President and yet flaunts her courage, wherever and whenever someone needs it. The name “Scandal” is appropriate for the series but more appropriate for the Kansas City Chiefs. Their play, their choices, and all involved are just “scandalous”. There is no hope to put any hope on. We will get off the fiscal cliff, faster than the Chiefs will win another ball game. Winning only two games out of thirteen, many predict this will be the worst team, ever in the fifty year franchise history. They just can’t find any luck, at all. Speaking of Luck, there will be some Luck, coming to Arrowhead Sunday. No, not the kind that brings good fortune. Not the kind we wish for at the casinos. His name is Andrew Luck, He is the rookie quarterback of the rising Indianapolis Colts. They chose him in the first round last year and he’s been playing ever since. Unlike the Chiefs, the Colts are building experience, under their youthful quarterback. And they have become contenders for the 2012 playoffs, in the process. This Luck will charm and harm the Chiefs, running and passing and directing. Even dazzling at times, demonstrating to the Chiefs’ fan, the way it is “supposed to be”. And when the game is over, the tv commentators won’t even mention the Chiefs...for it will all be about the Colts and their Luck. And as Booker often states, there will be no joy at Arrowhead. And here is what the rest of the Monday Niters think: Dr. Charles Allen: My own hopes and desires. Chiefs by 3 Paul Booker: The Colts will ride the Chiefs plum out of town. Colts by 21 Carl Clark: Not gonna get to Luck. Colts by 14 Bubba Cleaver: Winning is habit forming. But Chiefs are proving that cliche wrong. Colts by 14 Ike Gardner: All the Luck that the Chiefs will get will be bad. Colts by 20 Lloyd Greenfield: To those much is given, much is expected. Colts by 14 Ollie Hubbard: Chiefs can’t ride horses. Colts by 3 Jim Nunnelly: Luck is better than money. Colts by 30 Ed West: Luck is gonna run out on them Colts by 20"
16735,"Monday Nite Footballers Predictions By Jim “Grand Dad” Nunnelly Predicting Since 1970 Bubba Cleaver (7) Jim Nunnelly (5) Chiefs by 17 Kennison and Johnson destroy Texans! Ed West (3) Chiefs by _ Kicker can make at least one! Kansas City Chiefs vs. Houston Texans 7:30 p.m. ESPN Predictions (Wins in parenthesis) Chatter, Conversation And Commentary The Houston Texans are way down on the list when it comes to rankings in the NFL. The Texans are 31st in total offense and 29th in total defense. On the other hand, the Chiefs are 8th in total offense and 26th in total defense. Thus, it appears that two of the league’s worst defenses will pair up in what may be called the dual of the “down and out”. Then, it follows that the difference will be in the offenses. Houston is notably weak at every offensive position. On the other hand, the Chiefs are experiencing vulnerability on the front line, something unheard-of just a year ago. So, if the Chiefs’ weak offensive line outplays Houston’s weak defensive line, then, it is safe to predict a Chiefs’ victory, advancing their record to respectable, still-in-the-playoff-picture, 6-4. However, should the “weak” Houston defensive line overshadow the “frail” Chiefs’ offensive line, then the Chiefs will fall to a 5-5, and we can forget about playing past January 1. Bottom line, except for Ollie Hubbard, all of us believe the Chiefs will prevail, despite its lack-luster play last week at Buffalo. However, this is the week where several NFL-leading teams will lose. Fortunately, the Chiefs will not be among those experiencing unexpected defeat. The Chiefs by 14 and the ever-skillful Kennison and the ever-mouthy Larry Johnson will shine.. Charles Allen (5) Chiefs by 14 Last week was a wakeup call! Paul Booker (2) Chiefs by 14 KC will overcome embarrassment! Carl Clark (6) Chiefs by 7 I’m giving Chiefs one more chance! opportunity! Ike Gardner (5) Chiefs by 7 After last week’s embarrassment, Chiefs have to save face! Chiefs have to save face! Lloyd Greenfield (5) Chiefs by 7 A win, as long as they play 22 men! Ollie Hubbard (2) Texans by 12 A complete, thorough upset..ha, ha, ha! Eric Wesson (KC CALL) (4) Chiefs by 1 They must redeem themselves"
333617,"Monday Nite Footballers Predictions By Jim “Grand Dad” Nunnelly Predicting Since 1970 Houston Texans vs. Kansas City Chiefs 12 p.m. KCTV 5 Game Prediction (Wins In Parenthesis) Charles Allen(2) Paul Booker (2) Carl Clark (2) Bubba Cleaver (2) Ike Gardner (1) Chiefs by 14 Chiefs by 10 Chiefs by 7 Chiefs by 14 Chiefs by 1 I must remain Should be a I believe in the Texans’ six Warfield conservative cakewalk defense shooters makes us all empty vulnerable Lloyd Greenfield (2) Ollie Hubbard (2) Jim Nunnelly (2) Ed West (2) Chiefs by 7 Chiefs by 20 Chiefs by 3 Chiefs by 20 I see a mixture Butt kicking No.3 A Barber and a Offense and defense of excellence Holliday click Chatter, Conversation And Commentary There are about three things that everyone knows about Carl Clark. One, he is an avid golfer. Two, he loves and admires his family, especially the grandkids. And three, he and co-Monday Niter are always tinkering with technology, especially their computers. However, only a few know how dedicated he is to the Kansas City Chiefs’ Football club. It seems he’s been a Chiefs’ fan forever, maybe even back to his birth at old General Hospital No. 2. Carl was one of the first persons to buy a Chiefs’ season ticket, way back in 1964 when the cost was $54 (now the cost is nearly $1,000). Rain, shine, cold, hot, or cludy, he is out at Arrowhead, usually with Marylynn, his wife of many years. As for the most memorable moment in Chiefs’ history, he remembers the day Pat Fischer, Washington cornerback, literally rode Otis Taylor into the Chiefs’ end zone for a touchdown. And he talks about Chiefs’ trivia, each Monday night with his football cronies. While he is noted for his football history, his friends know him best by his “Carlisms”, things that only Carl Clark says. Once he was asked what the Chiefs would have to do to win the game. Carl aptly replied, “score more points”. That’s a Carlism."
238045,"Monday Niters When The Saints Go Marchin’ in ...... Despite the ill wishes of the diehard “Manning maniacs”, the New Orleans Saints did go marching in..they crucified the Colts, this past Sunday at the Super Bowl. In fact, it is hard to find anyone who was “for” the Colts, after that second display of second half redemption. No one will ever forget the score at the end of the first half...neither will we ever forget the going for the Saints’ gutsy playcalling, even though they failed to score...and no one will forget the on-side kick that split the “Red Sea” for the Saints...and God Almighty blessed little Tracy Porter with a “Manning bullet” and the rest is history. Good going Saints....you made it all worth watching. Now back to those who predicted the games. Here are the Saints and here are the Ponies. THOSE WHO THOUGHT THE SAINTS WOULD WIN! Vicki Frazier, Renee Gardner, Breana Jordan, Montoya Lucas, Kosha Johnson, Danielle Morris, Rich McCauley, Jim “Grand Dad” Nunnelly, Erica Nunnelly, Jazel Nunnelly, Christian Nunnelly, Gerald Pegg, LaMetria Pegg, Margo Quiriconi, Eric L. Wesson, Arionne Williams and Patricia Wright. THOSE WHO NEW THE SAINTS WOULD WIN! Eric L. Wesson THOSE WHO MISTAKENLY PICKED THE COLTS TO WIN! Dr. Charles Allen, Paul Booker, CB Cadenhead, Carl Clark,Congressman Cleaver, Dyan Deveraux, Charles Fort (San Diego), Ike “Papaw” Gardner, Lloyd Greenfield, Ollie Hubbard, Clyde McQueen (Full Employment Council), Donna Stewart, and Ed West, FINAL WORDS! We will not remind you that it has been a long time coming for the Saints. Just about the same time it has been since the Chiefs have been to the Super Bowl. Every team in the AFC West has been since we last went in 1970. Let’s hope and pray our Chiefs make the right draft choices and make it easier for Kansas City to compete. And of course, we, Monday Niters along with THE CALL, are doing our part to get Otis Taylor into the NFL Hall Of Fame....now that would be something....and to the Colts’ fans...maybe next year. For now, the rest of us will gloat over the fact that WE were in “that number”....when the Saints went marching in...."
296703,"Every time, we go to Ed West’s house, the sparks fly. First on our list was to compliment the Chiefs on a good effort. Enough said. Instead, we talked about who should be fired in the Chiefs’ front office. But, then we began to predict if Barack Obama would actual win the highest elective office in our nation. Here’s a summary of the discussions from some of the most opinionated, talkative, and knowledgeable guys in Kansas City. DR. CHARLES ALLEN: He thinks the whole coaching squad ought to be sacked, especially Günther Cunningham and Carl Peterson, the Chiefs’ General Manager and President.. . .Charles is “guardedly optimistic” about Obama’s chances to become President of the United States. . . still thinks the Chiefs will win at Arrowhead. . . Chiefs by 3 PAUL BOOKER: Paul thinks the Hunts ought to “sweep clean” the whole staff, management and coaches. . . .Paul has a “gut” feeling about Obama’s chances to become President. . .He doesn’t feel the Chiefs will have a chance on Sunday. . .Tampa Bay by 21. CARL CLARK: He, too, thinks Günther is the problem with the Chiefs and must be the first to go. . .Unlike Booker, Carl thinks Obama will win but by a very small margin. . . he has no doubts as to who will win Sunday. . . Tampa Bay by 14. BUBBA CLEAVER: Unlike the rest of us, feels that the problem is not only in the coaching ranks. . . he thinks it is Larry Johnson who is the disruptive force on the Chiefs. . . In the same line of reasoning, Cleaver believes that Obama will win by a small margin. . . Believes Warren Dunn will do what he has “done” to other teams. . . run them raggedy..Tampa Bay by 10. IKE GARDNER: Ike was rather nice on Monday night, he only called Carl Clark out of his name only once. . . He hopes Obama will win but was quick to remind everyone that elections can be stolen and referred us back to the Gore-Bush crap in Florida. . . He thinks the Buccaneers will find their pot of gold at Arrowhead Sunday. . . Tampa Bay by 21. LLOYD GREENFIELD: Forcefully, Lloyd thinks Carl Peterson should go today. . . then, Günther Cunningham. . . He thinks the “undecided” will favor McCain but Obama will emerge as winner. . .he thinks the Chiefs are still “trick or treating”. . . Tampa Bay by 14. OLLIE HUBBARD: Ollie feels that Carl Peterson and Herman Edwards should be given a one-way ticket. . . Obama will win “hands down” unless the cheaters emerge. . .he is so disappointed that he has to go to against the Chiefs. . . Tampa Bay by 40 JIM NUNNELLY: He feels that Herm Edwards must set the tone for winning and he has not done that. . . No excuse, Herm must go.. . . He feels that it will be a long night because of the long voting lines and there will be procedural issues for several days. . . but in the end, Obama will be our next President of the United States. . . He has not given up on the Chiefs...Chiefs by 6. ED WEST: No doubt about it, Ed thinks Carl Peterson is and always has been the Chiefs’ problem. . . Ed thinks Obama will get sufficient electoral votes to win. . . thinks Tampa Bay will jump on the Chiefs’ shipwreck. . .Tampa Bay by 20"
216513,"Monday Niters Be Careful And Cautious, With Those Chiefs Wow! The New Orleans Saints are 2-0. So are seven other NFL teams. One of them is the Kansas City Chiefs. But, the Saints’ 2-0 is different than the Chiefs 2-0. In our minds, the Saints will go on to capture the playoffs, if not repeat as World Champions. Whereas, our Chiefs. . . well, we ain’t sure just what will happen to them. For those of us over 50, we have been down this road before. Same stuff, a different year. And the haters, among us, say it is about to end, this weekend at Arrowhead. That’s when the Chiefs will face San Francisco, the same team that the Saints just beat this past Monday night. Bottom line, most of us are basking in delight because we remember last year, when we were 0-2, at this time. So, let’s all toast the Chiefs and their defense for making us “cautiously happy” with their play, thus far. But, now let’s turn to the fella’s and see what they think about the Chiefs’ chances against the 49rs. THE VENERABLE DR. CHARLES ALLEN: Doc is skeptical about the quarterback situation with the Chiefs. He once bought a Cassel t-shirt but left it home and refused to wear it. Look like he was right because the Chiefs could have won, without Cassel. Doc says it was the defense, led by Derrick Johnson, that was the difference. But. unlike the haters, Doc says the CHIEFS will win Sunday. THE APOSTLE PA-UL BOOKER: He is the Executive Vice President of the Chiefs Haters. And we don’t know where Paul started to go wrong. Many think he is overly influenced by another hater in the Monday Niters. But, the saintly Paul says that SAN FRANCISCO will win on Sunday, ending the Chiefs good beginning. He calls it the “Singletary Factor”, citing the 49rs’ head coach as the difference-maker. THE COOL CARL CLARK: Like Doc, Carl is not impressed with Cassel, at all. However, he recognizes that both teams are better, this year, even though the Chiefs are weakly, overall. Carl, not quite a hater, did select SAN FRANCISCO, to beat the Chiefs. At least by a field goal. Maybe, Carl is being inducted into the Haters Hall Of Fame. ??? CONGRESSMAN EMANUEL CLEAVER: Steady on the campaign trail, it is fun to watch him take a break from Washington stuff. In fact, he is slated to become Chairman of the Legislative Black Caucus in Washington, assuming he is re-elected. That will give him even more access to the President and White House. Go, Cleaver, go. Obviously, he is doing fine representing Kansas City in Washington. But, the Congressman has allowed the haters to get to him. He really believes the Chiefs will be “Gored” to death, citing the slashing running back from the Niners, Frank Gored. Apparently, Ike and that Booker have gotten to Rev. . . he says SAN FRANCISCO BY 10. FOREVER CANTA-NKEROUS IKE GARDNER: Last week, we observed Ike’s being nice to a certain group of employees at a local restaurant. They secretly know I am right about his “porcupine-like” personality. In fact, he has chosen to sit with only one other person, further distancing himself from his old friends. To further this distance, Ike says that Haley and Cassel are “severe disabilities” and must be dealt with, some kinda way. That leaves him no hope for the Chiefs this week. . .SAN FRANCISCO BY 13. THE LOYALIST, LLOYD GREENFIELD: Lloyd tries to see hope in whatever he does. Being a part-time thespian, he can find positive, sometimes amid all hopelessness. And he needs it to for there are “haters” in this group. However vocal the detractors are, Lloyd continues his support for the Chiefs. Specifically, he finds the running backs, Charles and Jones, as promising. Unlike the haters, Lloyd “gets it”. CHIEFS, all the way. THE CNN OF KANSAS CITY, OLLIE HUBBARD: Now, Ollie believes that the Chiefs are going “up, up and away”. Though he didn’t say where they were going, we assume he means the Chiefs will continue to win. However, we must remember that Ollie is a former hater and can’t be totally believed, right away. When asked by how much, he proudly screams, CHIEFS BY 18. Is he right? Maybe, maybe not. Now, back to CNN. JIM “GRAND DAD” NUNNELLY: I have been friends with the Monday Niters for over forty years and this year, we will celebrate 40 years of uninterrupted friendship. But, along the way, we have developed into a “two-party” system. Some of us believe in the Chiefs, no matter what and there are those who DON’T believe in the Chiefs, no matter what. As for me, the Chiefs will have to stop San Francisco’s Smith-to-Davis connection. And with Kansas City’s weak secondary, one can see why we loyalists ought to be concerned. In spite of this weakness, the return game and defense will be enough for the Chiefs to advance to 3-0. . .CHIEFS, ALL THE WAY. EASY ED WEST: Ed is a computer geek. In fact, he spent all of Monday night, player computer scrabble with his son, Damon (who is in California). But Ed is perceptive, too. He has seen the Arrowhead crowd make a difference and he is calling on their help to make the Chiefs an early contender. But for Sunday, Ed has shifted over to the haters, after seeing San Francisco against the Super Bowl Champions Saints. SAN FRANCISCO BY A LOT. Final Note: Too bad the Chiefs have let us down so many times before. And unfortunately, we think of the Chiefs as losers, rather than victors. But, whatever we do, we cannot allow these “tea-party like” haters predict and manage our future. Clearly, the Chiefs are not New Orleans; but they are 2-0. That makes them equal to the Saints and it is our perception of them that will dictate our expectations of them. Dr. Allen, Lloyd, even Ollie, and I are aiming and expecting high. While that Booker, Carl, Cleaver, Cantankerous Ike, and Ed West are usually right, the haters are not omnipotent and are wrong this time.. Let’s see, let’s see."
79225,"Monday Nite Footballers Predictions By Jim “Grand Dad” Nunnelly Predicting Since 1970 Carl Clark Dungy by 10 I've always been a Colt! Urban American Outdoors Candice Price Wayne Hubbard Urban American Outdoors By Wayne Hubbard And Candice Price Super Bowl XLI Miami, Florida Indianapolis Colts vs. Chicago Bears 5:25 p.m. KCTV 5 Chatter, Conversation And Commentary Mary Lynn Clark said it best. This has been a relatively quiet Super Bowl. Not much said about it all. Is it because these two black coaches have broken through the “glass ceiling”? Or is it because there just isn’t much to talk about? Well, let’s see if we can raise the “talk” bar. As you have noted, we predicted the “coaches” this week rather than the teams. That's because this is moment in history where everyone wins. Either way, a black coach wins Super Bowl XLI. Ok? And America wins because it can proudly say that a black coach has won and coached in a Super Bowl. And, last, Caucasian announcers will find it a bit awkward for either over-emphasizing or under-stating it. It will be interesting to see how they handle it. But, back to Mary Lynn’s comment about the “quietness”. Now, from where I sit, every African American is talking about it, proudly. But the television sponsors are not. They ought to be talking about this like they talked about Elway, finally making it to his first Super Bowl. The way it appears is that Manning will replace Big Bad John as the “hype centerpiece”. And that is an affront to all of us black people. This two-team black coaching thing is right up there with Jackie Robinson, breaking into baseball way back in the ‘40s. And it should be on every media outlet in the country. Foreign countries ought to know that America has made good on some of its promises (not all of them, just some). But, reality tells me that the giant media outlets will treat this rather “low-key”. Thus, I predict that very little will be said about all of this on Sunday and the days leading up to it. And quite frankly, I mad about it. Whatever you do, don’t say that it doesn’t matter. Sunday may be the last time, for a long time, when we all can sing “We Shall Overcome” with meaning and purpose. After all, to me and to you, Super Bowl Sunday will be a sacred part of Black History Month (lest we forget). Let’s all rejoice and be glad in it. Thanks, Mary Lynn for nudging us to speak up. Paul Booker Dungy by 10 He's the oldest! Bubba Cleaver Dungy by 12 Too much Dungy, period Ike Gardner Dungy by 7 The Kansas City Connection! Lloyd Greenfield Dungy by 10 Dungy's awesome passing game! Donna Stewart (Publisher) Indianapolis by 10 Colts are simply the better team Tracy Allen (Sports Writer) Indianapolis by 7 Peyton takes charge Eric Wesson (Sports Guy) Indianapolis by 17 Too much offense for Chicago George Dunmore (By George) Indianapolis by 3 Better quarterback, better kicker Ollie Hubbard Dungy by 8 Been at it longer! Jim Nunnelly Smith by 3 Smith, underdog wins this one! Ed West Dungy by 7 Experience wins out! Charles Allen Dungy by 7 That's the way it is!"
332839,"Monday Nite Footballers Predictions By Jim “Grand Dad” Nunnelly Predicting Since 1970 Baltimore Ravens vs. Kansas City Chiefs 3:05 p.m. KCTV 5 Game Prediction (Wins In Parenthesis) Charles Allen(3) Paul Booker (3) Carl Clark (3) Bubba Cleaver (3) Ike Gardner (2) Chiefs by 10 Chiefs by 7 Chiefs by 10 Chiefs by 10 Chiefs by 2 High Priest seeks Must stop Jamal, Dante will Chief of staff If Trent And revenge contain Ray bail us out Priest will Run Warfield avoid a good meeting poor performance Lloyd Greenfield (3) Ollie Hubbard (3) Jim Nunnelly (3) Ed West (3) Chiefs by 7 Chiefs by 6 Chiefs by 10 Chiefs by 7 And the beat Butt-kicking A Priest, A Barber Dante runs his way goes on! No. 4 A Holliday into the Hall Chatter, Conversation And Commentary Ollie Hubbard is one of the more colorful Monday Niters. Having had a barber for a father and graduating from the old R.T. Coles school has allowed Ollie to rack up thousands of acquaintances and friends around Kansas City. He reads the obituary religiously and attends as many funerals as he can. And his telephone rings night and day, every day. “Bg Hub” flat out knows everybody. That knowledge distinguishes him as a top Lincoln university, alumnus. Ollie used to attend Homecoming festivities every year, for about 30 consecutive years, never missing and always first to arrive in Jefferson City. As for his involvement in the Monday Nite Footballers, Ollie is most noted for his humerous, colorful comments, when predicting the Chiefs’ football games. Freely borrowing from the “blues”, Ollie warns the Chiefs not to “make their move too soon.” He reminds the Chiefs of that day against the Green Bay Packers in the first Super Bowl. Even though Otis Taylor caught an over-the-shoulder pass for a touchdown, the Chiefs still lost. Today, he cautiously says that the Chiefs are off to a good start. And that there are still 13 games remaining. Again, the Chiefs should not “make their move too soon.” Sports Editor Note: Either the waters have parted over the Missouri river or “the Priest” has walked on water. Whatever the case, a miracle has taken place. One that you haven’t seen in centuries. Our cantankerous friend, “Ike”, has picked the Chiefs for the third consecutive week. Had he picked the Chiefs in the season opener, ol’ Ike would be tied with the rest of the Chiefs’ faithful Monday Niters. Of course, ol’ Ike either doesn’t believe in miracles or he simply has a problem with our boys at One Arrowhead Drive. Well, miracles do happen and you’re looking at one right now. Way to go Ike. Don’t lose your personna."
148795,"Marvin Gaye, Matt Cassel, And Those Chiefs Y’all know Marvin Gaye, He was the greatest Motown singer ever. Singing hits like “Heard It Through The Grapevine” and “Let’s Get It On” and “Makes Me Wanna Holler”. But one of his most unknown songs was entitled, “Ain’t That Peculiar”. It is with this song in mind that we will talk about the Kansas City Chiefs, this week. Many of you know that the Chiefs will be facing the Buffalo Bills, in Buffalo, New York this Sunday. And let’s not forget that Matt Cassel will still be the starting quarterback for the Chiefs. . . again. This past Monday night, we all met out at the Groove Station, in South Kansas City. It is all part of our “get out and see the City” campaign. We, Monday Niters, have been going to each other’s homes for over forty years and from now on, we will find out what the restaurant cuisine is really like. But, the point is we talked about the Chiefs’ highly-inadequate quarterback, Matt Cassel. Ain”t it peculiar that Matt Cassel never started a college football game. That’s because he played backup to Matt Leinart and Carson Palmer at USC. Further, ain’t it peculiar that he was not a starter in the NFL, either. He gained fame by backing up New England’s Tom Brady, during an unexpected injury. So it’s begs the question....why in the hell should the Chiefs’ expect any more than a backup game, when Matt Cassel is still starting? Now, that is peculiar. But let’s move on, knowing that the Chiefs will not win unless they replace Matt Cassel. Enough said about that. Back to the Groove Station venue. Ollie hosted us out there because he lives only a few blocks away. That’s Ollie....location, location. And the cuisine was some delicious chicken wings, backed up with a nice sports salad. And the owner shared her story with all the guys. But, we were only interested in talking about the Chiefs’ chances against lowly Buffalo. Except for a couple of us die-hards, everyone picked Buffalo over the Chiefs, especially after that high-school showing against Tony Gonzalez and the Atlanta Falcons. All the guys think that the Chiefs still have a long way to go, before winning. Thus, it is not “peculiar” that they would pick Buffalo over the “Casseled-out” Chiefs. They think that Buffalo’s defense, led by $100 million dollar man, Mario Williams, will maul the Chiefs. Even though Buffalo’s quarterback, Ryan Fitzpatrick, ain’t no better than Cassel. Now, ain’t that peculiar? Dr. Charles Allen: Sweet revenge from last year Chiefs by 7 Paul Booker: Chiefs are not ready for prime time Buffalo by 10 Carl Clark: Chiefs still ain’t ready Buffalo by 7 Bubba Cleaver: Still thinks he’s at the Democratic Convention Chiefs by 7 Ike Gardner: Chiefs need another month Buffalo by 12 Lloyd Greenfield: Another time, another day Chiefs by 3 Ollie Hubbard: Chiefs gotta do better Buffalo by 12 Jim Nunnelly: Believing in Hali, Johnson, Charles Chiefs by 3 Ed West: No improvement from last year Buffalo by 10 national convention Eric “Amanda, Bri and Erica’s Dad” Wesson:"
297566,"Monday Niters Okay. Okay. The Chiefs are losing and do we need to keep talk about the “dead and buried”? Many of our Monday Niters have written off the Chiefs for 2008. Larry Johnson hasn’t helped with his off-the-field shenanigans. And the lack of an NFL-status quarterback complicates an already dismal season. And to make matters worse, every one is asking who will the first to get the ax. . . Carl Peterson or Herm Edwards. To Elize and Clyde in Oakland, I am ready to concede our bet and just not talk about the Chiefs anymore. So, we Monday Niters talked about the ensuing, history-making election. DR. CHARLES ALLEN: Charles says he will vote early, on his way into work. . .Charles says his office staff can take as long as it takes to vote. . . is Chiefs are struggling right now, having only a 1-4 record. . .Charles just won’t give up. . .Chiefs by 3 PAUL BOOKER: Paul will be out of town on November 4. . . he is considering voting absentee on that day. . . Paul believes that the Chiefs are a dysfunctional family. . .Jets by 20. CARL CLARK: Carl will vote in the mid-morning, avoiding the on-the-way-to-work rush. . .Carl will never vote again for those Chiefs. . . Jets by 20 BUBBA CLEAVER: Praised his fellow Monday Niters for being so knowledgeable about election stuff. . .he has helped Obama campaign in Minnesota and Georgia and is being asked to go to Ohio and Arizona soon. . .It IS written that the Chiefs will lose badly in New York. . . Jets by 12 IKE GARDNER: Ike first voted for Adlai Stevenson way back in 1956. . . he is guaranteeing that his adult children will vote for Obama. . . saying the Chiefs are gathering steam as the roll downhill...Jets by 35. LLOYD GREENFIELD : Lloyd votes at Grace Point Church at 104th and Blue River Road. . . he will vote electronically. . .thinks we ought to plan a memorial services for the departed Chiefs. . .Jets by 20 OLLIE HUBBARD: Ollie is the only Monday Niter who has already voted. . . he voted absentee because of his leg disability. . .Ollie always votes for the team that the Chiefs are playing. . .this time, no exception. . . Jets by 40. JIM NUNNELLY: He is concerned that people who think they have lost their right to vote. . . if you are awaiting trial in jail and have not been convicted, you can still vote absentee. . . Brett Favre can be beat....Chiefs by 3 (He too is letting the election of Obama get to him!) ED WEST: Like Obama, has Kansas connections.. . .he was was born in rural Osawatomie. . . he voted for Kennedy for the first time way back in 1960. . . thinks the Chiefs are an NFL team anymore...no offense, no defense, no win. . . Jets by 30."
304416,"Monday Niters Now, let’s get real. The Chiefs are wishing that Sunday’s game was still pre-season. That way, they could evaluate the new players, rest the old ones at the end of the first quarter, and then dodge the brutal, candid questions, asked by blood-sucking reporters after the game. But, it is “for real” now. Sunday will open the biggest wound possible in Herm Edwards’ armor. It will show that the Chiefs are destined for another dismal season. In addition, Sunday will show that the draft, trades, and the legacy were all worthless and unfulfilling. The Chiefs have too many unknown and untried players, to even think about beating the Patriots. In fact, we should fast forward this game and go directly to the next two games..against Oakland at home and Atlanta away. The Chiefs just might beat Oakland, depending on how well Russell, their strong-armed quarterback, plays. And maybe just maybe we might beat the Vick-less Falcons. If my math is right, three weeks from now we will be 2-1. But, come Sunday, they will lose so badly that we will think there is another Boston Massacre. Even those little men on the New England helmets will dance in both end zones. Tom Brady will pick our hand-made secondary apart. And except for a couple of long runs, the Chiefs will appear like they are still in pre-season mode. Once again, Herm will pick up where he left off, last season. With an inadequately profound statement that says and does nothing. And the reporters will laughingly write the same stories that they wrote all of last year, about how unlikely the Chiefs are to win at all. And the fans will and should direct our attention to Oakland and Atlanta, the Chiefs’ next two opponents. And Herm will go to work on his next appearance before the reporters, hopefully more realistic. For now, though. . . look for the Patriots to beat the Chiefs by at least 30 points. Enough said. Predictions Charles Allen Chiefs by 3 Wishful thinking! > Paul Booker Patriots by 14 Croyle not ready for NFL competition > Carl Clark Patriots by 14 Chiefs are so unready! > Bubba Cleaver Patriots by 14 Chiefs’ reconstruction delayed in Boston > Ike Gardner Patriots by 21 Chiefs just are not ready! > Lloyd Greenfield Patriots by 12 Undeveloped Chiefs up against the best! > Ollie Hubbard Patriots by 10 Patriots continue dominance! > Jim Nunnelly Patriots by 30 Another Boston Massacre! > Ed West Patriots by 10 Offense, defense still weak!"
52420,"Monday Nite Footballers Predictions By Jim “Grand Dad” Nunnelly Predicting Since 1970 Philadelphia Eagles vs. New England Patriots 5:30 p.m., WDAF-TV 4 2004 Top Predictors Paul Booker Ike Gardner Chatter, Conversation And Commentary The Chiefs are returning home to play the Atlanta Falcons, this Sunday. Tired, weary, confused, and broke of spirit, they will try to restore the widespread fan faith of a year ago. Instead of being atop everything, the Chiefs are 1-4, allowing the less faithful an opportunity to pontificate. And there's been a lot of fan talk about why the Chiefs decided not to exercise their trading rights, given their dismal record. Have the Chiefs conceded the season and are now positioning themselves for first round drafting in 2005? Balderdash! This team has what it takes to win. And you can expect them to get the offense and defense uncorked this weekend. The Chiefs must win for ticket prices have now fallen below zero. And merchants who overstocked their shelves with Chiefs' accessories, are worried that the extra large supply of jerseys, hoodies, baseball caps, ashtrays, and a lot other stuff will remain unsold. Look for either a rushing, passing, and sack record to fall Sunday. The Chiefs will outslick Vick. Charles Allen Eagles by 10 T.O. or No Offense Paul Booker Eagles by 13 T.O. makes the day Carl Clark New England by 7 The Brady Bunch Bubba Cleaver New England by 14 Nothing new about NE and the Super Bowl. Ike Gardner Eagles by 3 T.0. wants to show just how important he is ! Lloyd Greenfield New England by 7 Patriot passing soars higher than the Eagles fly Ollie Hubbard Eagles by 12 Time for a change Jim Nunnelly New England by 10 The 2005 Patriot Act Ed West New England by 7 Brady IS the key! (CALL STAFF) Donna Stewart Eagles by 10 Intangibles Eric L. Wesson New England by 30 Without T.O.; with T.O., 47-21 Tracy Allen New England by 10 Still The Champs SUPER BOWL POTPOURRI As one can discern, the Monday Niters are divided about what team will win on Sunday. Enough said about that. Ike and Booker are the season’s best predictors. Enough said about that, too. But rather than write an organized, thoughtful column, let’s just look at some Super Bowl trivia and potpourri (just miscellaneous stuff). This will be particularly helpful to those of you who are casual football fans and look to our column for helpful hints. Here goes: •Janet Jackson has been replaced by Paul McCartney as the halftime keynote. •It's been 24 years, since the Eagles landed at the Super Bowl. Dick Vermeil was the coach, then. •Jacksonville is the smallest and newest city to host a Super Bowl. The site is Alltell Stadium. •New England will be in the Super Bowl for the third time in four years. Tom Brady, Patriot quarterback, was named MVP in the two games won by the Patriots. •Most of the chatter has been about whether Terrell Owens will play. Chances are he will suit up and star. The Pro Bowler caught 14 touchdown passes in 14 games. •Tony Gonzalez, Chiefs' All-Pro tight end, says New England will win. Also, Renee Gardner, Ike's daughter, believes in the Patriots, as well. •It was Super Bowl 22, in 1988 when Doug Williams, first black quarterback to start a Super Bowl, just showed out in Washington’s victory over John Elway and the Denver Broncos. The score was 42-10, with Doug throwing for 4 touchdowns. •New England safety, Rodney Harrison is considered the “dirtiest” player in the NFL. He has been fined over $350,000 for his vicious hits on receivers. •Lloyd and Geneva Greenfield will host the Monday Niters and their guests at their Birchwood subdivision home for the annual Super Bowl party. Lloyd is a real estate advisor and Geneva is a renown storyteller."
98550,"Chiefs: On The Way Back Or Sinking Fast? The wound and the gift are the same. That simply means that what has hurt you may well be the thing that saves or advances you forward. Is that true with the Chiefs’ upswing? Will injuries continue to plague the Chiefs health? First, let’s look in on our discussion topic, before we talk about the rebounding Chiefs. Actually, we Monday Niters, hosted by Lloyd Greenfield, and his smart 7-year-old granddaughter. She is bright, personably and healthy in every way. Speaking of health care, the Monday Niters are going to be present at a “Community Conversation” about health care. It’s gonna be October 11 and it is sponsored by the Health Care Foundation of Greater Kansas City. The foundation seriously wants to know what everyday citizens think and want to do about their health care. In fact, every Monday Niter will be prepared to express their views, three weeks from this Saturday. Now, that announcement swiftly turned the discussion into a history lesson.About the health care providers of the past and today. Right away, the guys started shouting out dentists, physicians and nurses, from the past. Dr. Carl Peterson (physician); Dr. T.T. Lowry (dentist); and Dr. George Taft (physician) were mentioned early. Then quickly, the attention turned to hospitals, prominent to our community back in the fifties and sixties. There was Wheatley hospital and of course, there were The Queen of the World and General Hospital Number Two. And then very capable and pace-setting nurses entered the conversation. Honorably mentioned was Clara Shields Maddox, innovative public health nurse, at the then- Wayne Miner Health Center. And Ike brought up the name of a current physician, Dr. Joahn Betts-Hall. And Dr. Allen brought up the well-known dentist, Dr. Frank Haugh. And most notable among female health administrators was Dorothy Roberts, co-developer of the Dental Department down at the now-Rodgers Health center. Even Ivy Ganaway was mentioned as having a formidable pre-natal program at Swope, sponsored by the Jackson county government. Everyone mentioned were truly game-changers and contributors. Wonder what they would say at the “community conversation” the second weekend in October? Has the health of our people improved or stayed the same? The same question should be asked about our new life Chiefs. This team has improved y’all, in just one week. The tv commentators were shouting out names, most of whom we did not know and had never heard of. But they performed well, winning the stats game, against the highly-favored Denver Broncos. Now, those same no-namers will have to show the same stuff, against Miami (who beat New England two weeks ago). These no-namers were superlative in their replacement roles e.g. Knile Davis ran well replacing the injured Jamaal Charles. And Vickerson, former Bronco, performed well consistently. Even brittle Alex Smith passed with “bullet-like” precision. But they lost and few will remember the scoreless “10 minutes” in the third quarter, when the Chiefs just showed out. Consequently, it was as if the Chiefs were inspired . . . because of the key-player injuries. Thus, it could be said that the poor showing against Tennessee actually worked to the Chiefs’ advantage. Truly, they are a better team, overall as a result. Maybe out of all that crap, came something good, some noticeable improvement, some brighter days ahead. Maybe there is something to the saying that “the wound and the gift are the same”. Do the Monday Niters believe this “wound and gift” thing will continue forward to Sunday’s game against the Dolphins in Miami? Here’s what the guys think . . . Dr. Charles Allen: Because of the last game, Chiefs are playing well . . . Chiefs by 7. Paul Booker: All the Chiefs are in the MASH unit (injured) . . . Miami by 10. Carl Clark: Chiefs must play a complete game to win . . . Miami by 7. Bubba Cleaver: Chiefs will pick on somebody their size. . . Chiefs by 10. Ike Gardner: Don’t be taken in by KC’s performance last week . . . Miami by 10. Lloyd Greenfield: Compliments to the Chiefs’ passing game . . . Chiefs by 7. Ollie Hubbard: Chiefs are gearing up . . . Chiefs by 3. Jim Nunnelly: A setback is designed to propel a comeback . . . Chiefs by 10. Ed West: Reserves are filling in with confidence . . . Chiefs by 7."
310508,"Allen, Charles (8) (16-0) Super Bowl Booker, Paul (7) (15-1) Super Bowl Clark, Carl (8) (15-1) Super Bowl Cleaver, Bubba (8) (14-2) AFC Championship Gardner, Ike (6) (13-3) Division Playoffs Greenfield, Lloyd (8) (14-2) AFC Championship Hubbard, Ollie (8) (14-2) Super Bowl Nunnelly, Jim (8) (13-3) AFC Championship West, Ed (7) (14-2) Super Bowl The “Apostle” Paul Booker is the most liked guy among the Monday Niters. He is low-key, dedicated and always avoids useless confrontations. Quietly going about his life. In fact, after leaving the Air Force, many years ago, he quietly enrolled at Lincoln University. Not having any financial help, Booker had to clean up the state office buildings, at night, just to be able to go to school in the day. Nobody knew his financial status. As he began to make friends, there at Lincoln, he never imagined that those friends would become lifelong…..like Stewart Watson , Ollie Hubbard, Walt Livingston, and Charles Allen. And, quietly, he carried those friendships forward, as he became an educator in the Kansas City School District and as an evening staff worker at the Niles Home for Children. If Booker has an outspoken interest, it would be the plight of troubled youth. As home-school coordinator under Ike Gardner, it was not uncommon for him to tirelessly search for services for the young people, assigned to him. In fact, a young man approached Booker one night, at a social gathering and thanked Booker for keeping him out of prison. Now, that is Booker…at his best, helping youngsters who could go either way. Moreover, Booker’s interest in football springs from his untiring interest in troubled youth. He knows that many of the Chiefs have come from broken homes and with someone helping them, they have achieved in athletics. Booker is always quietly, trying to help some youngster avoid being in trouble. Even though Booker is quiet, he is well-known around town. In fact, a recent Mayor appointed Booker and another Monday Niter, to inspect metropolitan area night clubs, on Friday evenings. On a serious note, Booker is a well-liked, respected, quiet type of guy, everywhere he goes."
347535,"Monday Nite Footballers Predictions By Jim “Grand Dad” Nunnelly Predicting Since 1970 Kansas City Chiefs vs. Pittsburgh Steelers 12 p.m. KCTV 5 Game Prediction (Wins In Parenthesis) Charles Allen(1) Paul Booker (1) Carl Clark (1) Bubba Cleaver (1) Ike Gardner (0) Chiefs by 10 Chiefs by 3 Chiefs by 7 Chiefs by 14 San Diego by 3 Great way to start I want to Defense, Priest is Cornerbacks the season believe!! definitely stronger ‘Holmes’ free can’t contain Drew Brees Lloyd Greenfield (1) Ollie Hubbard (1) Jim Nunnelly (1) Ed West (1) Chiefs by 6 Chiefs by 12 Chiefs by 7 Chiefs by 6 Expect a rolling The right start, Special teams, Priest needs year kicking butt defense show out his raise! Chatter, Conversation And Commentary"
293086,"The Chiefs suck. End of conversation. Fortunately, the Monday Niters talk about more than the vicissitudes of this so-called professional football team. Out at Dr. Allen’s house, amid the Greek-influenced, romaine-based salad and another Greek concoction, man we talked about old remedies, used by our folks in the thirties and forties. And we focused our attention on some special senior citizens, those that are permanently imprinted in our memories. Congressman Cleaver called from Washington to share some news about the over-demanded/under-supplied inaugural tickets. So, instead of beating some “dead Chiefs”, let’s look in on a not-so-typical Monday Niter word-fest. DR. CHARLES ALLEN: Charles is sending Mrs. Mila Banks a special, belated Birthday wish. She believes the Chiefs will eventually develop into a fine team. That’s just like Charles, going out and recruiting people who still think the Chiefs can win. Mila says that the Monday Niters are “. . .men of little faith”. Right you are! But Charles isn’t. . . CHIEFS BY; 3 PAUL BOOKER: Booker is usually a nice guy, except when it comes to the Chiefs. Then, he turns into this “killer monster”, thinking that the Chiefs have no offense at all. He did smile when he acknowledged the wisdom and faith of his 84-year-old sister from Hayti, Missouri. This lady bore and reared thirteen children, in her lifetime. Booker says his mom used the yellow of an egg to reduce the swelling, caused by Mumps. Okkkkkkk! Anyway, BUFFALO BY 13 CARL CLARK: Carl claimed that his folks cured him of pneumonia by using skunk oil and honey. That one doesn’t pass the smell test. Carl mentioned seeing Mila Banks around town, especially at social events like Ivanhoe and Twin City functions. “She always talks about the Chiefs”, said Carl smiling. Smile or no smile. Smell or no smell. The Chiefs will be stampeded Sunday. . .BUFFALO BY 14 BUBBA CLEAVER: Cleaver is stuck in Washington, fighting for the bailout of the automakers. He says he cannot vote any other way because 2,000 or more jobs will be lost here in Kansas City, if he doesn’t support the bailout. Cleaver called the Monday Niters and told them he is being besieged with inaugural ticket requests. He is planning a lottery to address the thousands of requests...In the meantime, he thinks the Chiefs still have not found a way to win. . . BUFFALO BY 14. IKE GARDNER: Ike believes the Chiefs are going to get a steady diet of Buffalo chips, Sunday. Ike has lost friends because of his no-patience position with the Chiefs. But he did smile when he spoke of Mila Banks. He remembers her as a great teacher at R.T. Coles. Ike even congratulated Mila for being such a fearless disciplinarian, something sorely needed in today’s schools. During the discussion about home remedies, Ike came up with something called “juniper tar and sugar” for colds. Will this work for the Chiefs? Apparently not. . . BUFFALO BY 13 LLOYD GREENFIELD: Lloyd said there was something called “666” for colds. Is this some kind of devil reference? And Lloyd chimed in about Mila Banks being at a recent Ivanhoe party. Lloyd reminded Mila that he was one of her late husband’s “jelly beans” (a term used frequently for students by Isaiah Banks). Speaking of jelly beans, Lloyd thinks that the Chiefs can’t even beat a piece of candy. BUFFALO BY 10 OLLIE HUBBARD Ollie talks with Mila Banks often, to check on her. Ollie said Mila and her friends went down to visit Carl Connor in Columbia recently. Growing up on 27th and Olive, Ollie says his mother gave him turpentine and sugar for colds. If the cold got real bad, she would apply “goose grease” all over his huge body. But, nothing can help these Chiefs with a win. Look for number 10 loss, Sunday. . . BUFFALO BY 20 JIM NUNNELLY: He brought up Carl Connor, who now resides in Columbia, Mo., near his nephew, Charles Allen. Connor reads this column religiously, even though he is at least ninety five. He is alert and like Mila, taught here in the Kansas City, Mo., School District for years. Carl is and has always been a Missouri Tiger sports fan. That’s good news because the Chiefs sure ain’t doing much. In Columbia, the old folks thought Vick’s saffe would cure colds, pneumonia, hangovers. . .everything. But, it can’t help the Chiefs BUFFALO BY 30 ED WEST: Ed is from rural Kansas and like all rural families, they relied on certain remedies for survival. His family consumed a lot of iron supplement, called 3-S Tonic. It must have helped because Ed is a picture of health and still uses “Three S” everyday. It seems that the Chiefs are taking something these days for they are definitely improving. But, according to Ed, not enough. BUFFALO BY 10."
326749,"MONDAY NITERS VISIT WITH FORMER CHIEFS GREAT. . . Otis Taylor, former Kansas City Chiefs wide receiver, was the guest of honor recently at the Monday Nite Footballers meeting, at Rev. Emanuel “Bubba” Cleaver’s house. He shared excerpts from his autobiography, “Otis Taylor” by Otis Taylor. The book recounts Otis’ days here, in the 60s and 70s. Len Dawson, Hall of Fame quarterback, wrote the foreword and called Otis “a big play receiver”. More important, Otis listened to Monday Niters as they remembered his spectacular one-hand catches and subsequent long runs. Carl Clark was able to see a picture of his most memorable Chiefs’ plays, when Taylor carried Pat Fischer across the goal line on his back. Many, including Ollie Gates and Rev. Cleaver, have tried to get Otis inducted into the NFL Hall of Fame, but to no avail. Otis played college football at Prairie View A&M during the same time Rev. Cleaver was there. Because of an advanced illness, Otis has been walking with the assistance of a cane. He was a frequent customer at Maxine’s, 31st and Benton."
172213,"Monday Nite Footballers Predictions By Jim “Grand Dad” Nunnelly Predicting Since 1970 NCAA Championship Final And Game Prediction Charles Allen Paul Booker Carl Clark Ike Gardner Kansas & Syracuse Kansas & Texas Kansas & Texas Marquette & Texas Kansas Texas Texas Lloyd Greenfield Ollie Hubbard Jim Nunnelly Ed West Kansas & Texas Kansas & Texas Marquette & Syracuse Kansas & Texas Kansas Kansas Syracuse Kansas Bubba Cleaver Jon Gray Kansas & Syracuse Kansas & Syracuse Kansas Kansas Chatter, Conversation And Commentary You would think that these Monday Niters are just a bunch of Jayhawkers. Or maybe just a bunch of apostles for the Big 12. They really think the Big 12 is all that. Okay, but what if Roy Williams returns to North Carolina? The Tar Heels want to make Roy the highest paid college coach, replacing Duke’s Coach K. That’s why ol’ Roy is dodging the media and deflecting by saying all he wants to do, this week, is concentrate on Kansas basketball. That means to me that when this week is over, I’ll consider and maybe even announce his departure to North Carolina. Thus, our Monday Niters believe that Roy will win the national championship, dominate the sports’ news for three weeks, and then, surprise everyone with his well-orchestrated plans. Anyway, who knows what Roy will do? But, contrary to my colleagues, I believe that the title will go East to Syracuse."
298366,"Reader Looks Forward To Monday Nite Footballers Editor, THE CALL: Each week during football season, I look forward to reading the “Monday Niters” predictions and the commentary by Jim “Granddad” Nunnelly. Mr. Nunnelly’s commentary in a recent “CALL” issue was particularly interesting as he told a little about each man in the “Monday Nite Footballers group.” Nunnelly is an excellent writer. He knows how to make words on a page come alive. Even though the “Monday Niters” lead varied lives with different professions, they enjoy commonalities that make them a cohesive group of remarkable black men. In a recent write-up, Nunnelly described these grandfathers of the group from Allen to West as: extraordinary, fantastic, effective, proud, steadfast, remarkable, complete, and encouraging. For what more could one ask? Monday Niters, “Keep on keeping on.” BRAVO!!. Terry Strother Burlington, Iowa"
295051,"MONDAY NITERS ATTEND RETIREMENT EVENT . . . Members of the Monday Niters Football group attended a retirement celebration for one of its members, Jim Nunnelly, who was honored Friday, Oct. 31, at the Gem Theatre. Nunnelly will be retiring from the Jackson County COMBAT program on December 31. Nunnelly has been writing the “Monday Niters Football” predictions in THE CALL for over 25 years. -- CALL photo by Rex Purefoy."
251850,"Monday Niters 1-col pix PAUL “THE APOSTLE” BOOKER It appears to be another bummer of a year for the Kansas City Chiefs. And while we often blame the players, the coaches, particularly the Head Coach, should bear a lot of the criticisms, as well. Todd Haley is new, never having been a head coach before. Yet, he treats his players with so little respect. He appears disgruntled and mad, at all times. Doesn’t he know that he is dealing with men, not children? That motivation and praise is still the most effective aspect of leadership? That a pat on the back is what this young talented team needs? If he continues the risky “my way or the highway” approach, the Chiefs will again be among the biggest losers. PREDICTIONS Dr. Charles Allen Eagles by 7 A bitter pill to swallow Paul Booker Eagles by 14 VICK-TORY Carl Clark Eagles by 14 Eagles soar over KC Bubba Cleaver Eagles by 14 Chiefs are not ready, regardless of McNabb status Ike Gardner Eagles by 17 Eagles show no brotherly love, even w/o McNabb Lloyd Green Field Eagles by 10 The recession is everywhere Ollie Hubbard Chiefs by 3 Hustle pays off Jim Nunnelly Chiefs by 7 Johnson and Johnson set records Ed West Eagles by 20 Haley’s comets can’t get off ground Walt Youngblood Chiefs by 1 Eagles will find a way to lose Clancy Parker Chiefs by 6 Every underdog has its day Eric L. Wesson Philly by how ever many they want “The Sports Guy”"
295880,"Monday Nite Footballers Predictions By Jim “Grand Dad” Nunnelly Predicting Since 1970 Kansas City Chiefs vs. Oakland Raiders 3:15 p.m., KCTV-5 Predictions (Wins In Parenthesis) Charles Allen(9) Paul Booker (8) Carl Clark (9) Bubba Cleaver (9) Ike Gardner (6) Lloyd Greenfield (9) Ollie Hubbard (9) Jim Nunnelly (9) Ed West (8) Chatter, Conversation And Commentary"
415579,"Monday Nite Footballers Predictions By Jim “Grand Dad” Nunnelly Predicting Since 1970 Charles Allen LSU and George Mason Winner: LSU Paul Booker LSU and George Mason Winner: LSU Carl Clark UCLA and Florida Winner: Florida Bubba Cleaver UCLA and Florida Winner: Florida Ike Gardner UCLA and George Mason Winner: UCLA Lloyd Greenfield UCLA and Florida Winner: UCLA Ollie Hubbard LSU and George Mason Winner: LSU Jim Nunnelly LSU and George Mason Winner: LSU Ed West UCLA and Florida Winner: UCLA Robert Lee Allen UCLA and George Mason Winner: George Mason NCAA Final Four Indianapolis, Ind. KCTV-Channel 5 COMMENTARY, CONVERSATION AND CHATTER Well, now. There are no “No. 1s” in the Final Four this year. Not since the eighties has such a No. 1-seed been playing for College Basketball’s championship in Indianapolis. Everybody is just gone wild over George Mason, the tiny little school from nearby Washington, D.C. These Patriots have beaten North Carolina, Michigan State, and Connecticut to get to play at the “big dance”. And it is true that this team has come back from deficits and played the kind of defense that only championship teams play. And everybody is now aware of just who and what George Mason university is. Appropriately called “the Cinderella team”, George Mason will play for but not become the Champion. That title will go to Shaq’s old school, Louisiana State university. Do look for a good matchup between Thomas and Davis."
310598,"Monday Nite Footballers Predictions By Jim “Grand Dad” Nunnelly Predicting Since 1970 Season Prediction (Wins In Parenthesis) Charles Allen(8) Paul Booker (7) Carl Clark (8) Bubba Cleaver (8) Ike Gardner (6) 16-0 15-1 15-1 14-2 14-2 Super Bowl Super Bowl Super Bowl AFC Division Championship Playoffs Lloyd Greenfield (8) Ollie Hubbard (8) Jim Nunnelly (8) Ed West (7) 14-2 14-2 13-3 14-2 AFC Super Bowl AFC Super Bowl Championship Championship Chatter, Conversation And Commentary The “Apostle” Paul Booker is the most liked guy among the Monday Niters. He is low-key, dedicated and always avoids useless confrontations. Quietly going about his life. In fact, after leaving the Air Force, many years ago, he quietly enrolled at Lincoln university. Not having any financial help, Booker had to clean up the state office buildings, at night, just to be able to go to school in the day. Nobody knew his financial status. As he began to make friends, there at Lincoln, he never imagined that those friends would become lifelong…..like Stewart Watson , Ollie Hubbard, Walt Livingston, and Charles Allen. And, quietly, he carried those friendships forward, as he became an educator in the Kansas City School District and as an evening staff worker at the Niles Home for Children. If Booker has an outspoken interest, it would be the plight of troubled youth. As home-school coordinator under Ike Gardner, it was not uncommon for him to tirelessly search for services for the young people, assigned to him. In fact, a young man approached Booker one night, at a social gathering and thanked Booker for keeping him out of prison. Now, that is Booker…at his best, helping youngsters who could go either way. Moreover, Booker’s interest in football springs from his untiring interest in troubled youth. He knows that many of the Chiefs have come"
350352,"Chiefs Have Taken Us Too Far, Too Fast, With Too Little Listening to the Chiefs' front office might lead you to believe that the Chiefs are going to the Super Bowl. Wait a minute. Grant you, the Chiefs are in first place in the Western Division of the American Conference. And yes, they have more wins than losses (4-3). And for you anti-Larry Johnson fans, the venerable Priest Holmes is back (at least for now). And on an even brighter note, Dwayne Bowe is making the Chiefs look good on their first-round draft choice. But, let's get real here. My advice to the Chiefs is ""Don't take us too far, too fast, with too little"". We are not even half-way through the season and we are shouting, as if the Chiefs have already achieved something. Think about it. In November, the Chiefs still must face Green Bay and Denver at home and the undefeated Colts in Indianapolis. Duh! Now, the shouting should tone down a little. And after our discussion last Monday night, there are great differences among us, as to how the Chiefs will fare, between now and Thanksgiving. Head Hater Ike Gardner and ""that"" Booker thinks the Chiefs will lose all three of those games. That means that by the time we light up the Plaza, the Chiefs would have slipped to 4-6. But Carl Clark is not going that far. He thinks that the Chiefs will beat Denver and lose to Green Bay and the Colts. And just to give balance to the discussion, Ed West and Lloyd Greenfield think the Chiefs will beat both Green Bay and Denver and lose only to the Colts. They think the Chiefs will be 6-4 by the time we all sit down to Thanksgiving dinner. Now, the question is ""who's right"". Are the Chiefs taking us ""too far, too fast, with too little"". As old-time fans, we've been down that yellow-brick road with the Chiefs before. Win a few games and get us all excited and then, in the end, fall slowly to the bottom. But this time, Lloyd and Ed are right on. The Chiefs will win at Arrowhead and lose in Indy. That being said, pass the mashed potatoes, please."
252405,"Monday Niters Kansas City Chiefs V. Oakland Raiders 12 p.m. KCTV 5 1-col pix Charles Allen The Kansas City Chiefs are playing poorly because of the weak offensive line, never recovering from the loss of Will Shields and Willie Roaf. Nonetheless, there are some bright spots. Derrick Johnson and Tamba Hali are both headed to the Pro Bowl, making the new 3-4 defense work. However, Coach Todd Haley is treating the players like high schoolers rather than the professionals they are. There is hope for the Chiefs but Haley has to gain a stronger rapport with his players. Predictions Dr. Charles Allen Chiefs by 10 Cautiously optimistic Paul Booker Oakland by 3 My way or the highway Carl Clark Chiefs by 3 Kicking game our only hope Ike Gardner Oakland by 7 Raiders bad, Chiefs worse Lloyd Greenfield Chiefs by 3 Trying to be positive Ollie Hubbard Oakland by 20 I just woke up Jim Nunnelly Chiefs by 10 Johnson and Johnson Ed West Chiefs by 7 Play caller produces Stewart Watson Oakland by 7 After seeing them play Sunday Howard Gipson Chiefs by 7 Intensity! Eric L. Wesson Oakland Chiefs have no offense."
249829,"1-col pix Carl “The Quiet One” Clark I have been a season ticket holder for the Chiefs since 1963. I’ve seen some good years and some not-so-good seasons. But, this year is the very worst team the Chiefs have ever fielded. And because of that, I believe the Chiefs will not win a single game in 2009. The offensive line is poor. The play calling is poor. And the coach is trying to hold too many positions. And on top of that, Haley needs to “bawl himself out” every now and then for his participation in the Chiefs’ demise. On a positive note, the only thing that the Chiefs do well is their kicking game. But the weak offensive line, the overpaid and under-delivering quarterback and the poor coaching will continue. That spells more losses and long season. Everyone will beat the hell out of the Chiefs. Dr. Charles Allen New York by 7 I’m taking my second pill Paul Booker New York by a lot A Giant killer, KC is not Carl Clark New York by 14 Giants will climb the Chiefs’ beanstalk! Bubba Cleaver New York by 15 Chiefs have a GIANT problem Ike Gardner New York by 28 Chiefs should play the Midgets, not the Giants Lloyd Greenfield New York by 12 Chiefs have a long way to go. Ollie Hubbard New York by 25 Not gonna win another game! Jim Nunnelly Kansas City by 3 Eli fails! Ed West New York by 20 Manning will have a record-setting day Eric L. Wesson New York by 24 Any game against the Chiefs is an automatic win and a record offensive and defensive day!"
326851,"Monday Nite Footballers Predictions By Jim “Grand Dad” Nunnelly Predicting Since 1970 Green Bay Packers vs. Kansas City Chiefs 12 p.m. KCTV 5 Game Prediction (Wins In Parenthesis) Charles Allen(5) Paul Booker (5) Carl Clark (5) Bubba Cleaver (5) Ike Gardner (3) Chiefs by 3 Chiefs by 3 Chiefs by 7 Chiefs by 7 Denver by 3 Lloyd Greenfield (5) Ollie Hubbard (5) Jim Nunnelly (5) Ed West (5) Chiefs by 3 Chiefs by 7 Chiefs by 2 Chiefs by 7 Sports Editor’s Note: Now that we know that Ike has fallen behind in the race for the Monday Niters championship, maybe we need to let Ike know how foolish it is to constantly go against our Chiefs. Of course, ol’ Ike will be ol’ Ike and that’s okay. There aren’t too many of us that want him to win anyway. Well Ike, now that you’re two games behind everyone, how does it feel? I’m sure, rotten. Oh, do you get to sit in your “kingly chair” now that you’ve lost your battle? I bet not. See Ike if you had listened to me and the rest of the Monday Niters you wouldn’t be in this mess. But no, you allowed your ego to get in the way and now look, you’re sitting in last place. Oh, I thought you said the Chiefs wouldn’t be this good. Not on your life, Ike. You’re wrong, the rest of us are right and we’re all gloating over your last-place standing. See Ike, if only you had listened. . . Chatter, Conversation And Commentary"
295073,"Reader Looks Forward To Monday Nite Footballers Editor, THE CALL: Each week during football season, I look forward to reading the “Monday Niters” predictions and the commentary by Jim “Granddad” Nunnelly. Mr. Nunnelly’s commentary in a recent “CALL” issue was particularly interesting as he told a little about each man in the “Monday Nite Footballers group.” Nunnelly is an excellent writer. He knows how to make words on a page come alive. Even though the “Monday Niters” lead varied lives with different professions, they enjoy commonalities that make them a cohesive group of remarkable black men. In a recent write-up, Nunnelly described these grandfathers of the group from Allen to West as: extraordinary, fantastic, effective, proud, steadfast, remarkable, complete, and encouraging. For what more could one ask? Monday Niters, “Keep on keeping on.” BRAVO!!. Terry Strother Burlington, Iowa"
310597,"Monday Nite Footballers Predictions By Jim “Grand Dad” Nunnelly Predicting Since 1970 Season Prediction (Wins In Parenthesis) Charles Allen(8) Paul Booker (7) Carl Clark (8) Bubba Cleaver (8) Ike Gardner (6) 16-0 15-1 15-1 14-2 14-2 Super Bowl Super Bowl Super Bowl AFC Division Championship Playoffs Lloyd Greenfield (8) Ollie Hubbard (8) Jim Nunnelly (8) Ed West (7) 14-2 14-2 13-3 14-2 AFC Super Bowl AFC Super Bowl Championship Championship Chatter, Conversation And Commentary The “Apostle” Paul Booker is the most liked guy among the Monday Niters. He is low-key, dedicated and always avoids useless confrontations. Quietly going about his life. In fact, after leaving the Air Force, many years ago, he quietly enrolled at Lincoln university. Not having any financial help, Booker had to clean up the state office buildings, at night, just to be able to go to school in the day. Nobody knew his financial status. As he began to make friends, there at Lincoln, he never imagined that those friends would become lifelong…..like Stewart Watson , Ollie Hubbard, Walt Livingston, and Charles Allen. And, quietly, he carried those friendships forward, as he became an educator in the Kansas City School District and as an evening staff worker at the Niles Home for Children. If Booker has an outspoken interest, it would be the plight of troubled youth. As home-school coordinator under Ike Gardner, it was not uncommon for him to tirelessly search for services for the young people, assigned to him. In fact, a young man approached Booker one night, at a social gathering and thanked Booker for keeping him out of prison. Now, that is Booker…at his best, helping youngsters who could go either way. Moreover, Booker’s interest in football springs from his untiring interest in troubled youth. He knows that many of the Chiefs have come"
79432,"Monday Nite Footballers Predictions By Jim “Grand Dad” Nunnelly Predicting Since 1970 Kansas CIty Chiefs vs. Jacksonville Jaguars 12:00 p.m., KCTV 5 Paul Booker (9) KC by 7 You gotta believe! Carl Clark (7) KC by 7 For old times sake! Bubba Cleaver (8) KC by 7 It’s now or never! Dr. Charles Allen (8) KC by 3 Couldn’t be a more fitting ending! Ollie Hubbard (6) KC by 8 Win one for Lamar! Jim Nunnelly (8) KC by 3 Johnson, Kennison come through! Ed West (12) KC by 3 Must-win situation! Robert Allen (guest) KC by 14 Plain and simple, Larry Johnson! Ike Gardner (9) Jacksonville by 3 My 8-8 prediction will be confirmed! Lloyd Greenfield (9) KC by 7 The fat lady is singing! Chatter, Commentary, Conversation Well, you know we have some Monday Niters who got some bad news over the holidays. It wasn’t about the Chiefs and their playoff hopes. It wasn’t about how Denver squeaked by the Bengals in a thriller. It was about their favorite hang-out, the infamous “6902”. A shooting, resulting in a murder, was recorded. Then, right after that, the place burned up. What a week for the well-attended night club. Booker cried. Carl is just not himself, at all. And Charles is clearly at a loss for words. Several neighbors have commented that the club is usually trouble-free and attracted both young and old. And it is significant because what happened there was more newsworthy than what is happening with our last-chance Chiefs. Here’s the scene, if the Chiefs are to win a spot in the playoffs. First, they must beat Jacksonville on Sunday, out at Arrowhead. Some think they will because usually (I say usually) the Chiefs win at home. But, in addition to a must-win for the Chiefs’, both San Francisco, Tennessee and Pittsburgh must win. Then, the Chiefs would backdoor into the last playoff spot. But, I have a question for you. Why is it we always have to struggle our way into the playoffs, especially here in December? Why couldn’t we just have beaten weak Cleveland and crippled Miami? Then, we would be just like the Jets…already in. But, that Herman Edwards and that no-named offensive coordinator just blew it all…with their senseless, play-ground play-calling. Bottom line, prepare yourself for a Chiefs’ loss Sunday or for Denver and Cincinnati to win. Any one of those scenarios will spell the end of the season for Kansas City. And just think, Herm has already started talking about 2007 and how he is going to stick with Tricky Trent Green. And just like always, the Chiefs will soon be talking smack and lament that they were two or three plays away from post-season competition. Crap. Anybody know when the “6902” is gonna re-open? Editor’s Note: Congratulations goes to Ed West, long-time Monday Niter, for being the winner of the 2006 “Predictions Award”. Way to go Ed, from THE CALL."
293046,"Reader Looks Forward To Monday Nite Footballers Editor, THE CALL: Each week during football season, I look forward to reading the “Monday Niters” predictions and the commentary by Jim “Granddad” Nunnelly. Mr. Nunnelly’s commentary in a recent “CALL” issue was particularly interesting as he told a little about each man in the “Monday Nite Footballers group.” Nunnelly is an excellent writer. He knows how to make words on a page come alive. Even though the “Monday Niters” lead varied lives with different professions, they enjoy commonalities that make them a cohesive group of remarkable black men. In a recent write-up, Nunnelly described these grandfathers of the group from Allen to West as: extraordinary, fantastic, effective, proud, steadfast, remarkable, complete, and encouraging. For what more could one ask? Monday Niters, “Keep on keeping on.” BRAVO!!. Terry Strother Burlington, Iowa"
56973,"MERRY CHRISTMAS FROM THE MONDAY NITERS. . . Although the Kansas City Chiefs won’t be participating in the 2004 NFL playoffs, the Monday Niters still want to wish its readers and Kansas City a Merry Christmas and a Happy New Year. Shown are, Paul Booker, Charles Allen, Jim Nunnelly, Ike Gardner, Lloyd Greenfield, and Carl Clark. Not shown are Bubba Cleaver, Ollie Hubbard and Ed West. -- CALL photo by Rex Purefoy"
293943,"Monday Nite Footballers Predictions By Jim “Grand Dad” Nunnelly Predicting Since 1970 San Diego Chargers vs. Kansas City Chiefs 3:15 p.m., KCTV-5 Predictions (Wins In Parenthesis) Charles Allen(9) Paul Booker (8) Carl Clark (9) Bubba Cleaver (9) Ike Gardner (6) Lloyd Greenfield (9) Ollie Hubbard (9) Jim Nunnelly (9) Ed West (8) Chatter, Conversation And Commentary"
114037,"George Jefferson, Fantasies And The 11-5 Chiefs Do you remember “The Jeffersons”? That was a tv show that appeared regularly on CBS, way back in the seventies. This was a Norman Lear production, that attempted to show that black people were “moving on up”. In fact, the show took place in the Jeffersons’ Fifth Avenue apartment, on the upper East Side of New York City. And since the prosperity was all new to the Jeffersons, the writers traced their humorous, everyday activities. Some of it was funny but the whole thing was filled with a lot of fantasy. Speaking of fantasy, the Chiefs have been living on “Fantasy Island”. For the first nine games the Chiefs were the ‘talk of the sports world”. They were undefeated until they met the Payton-laced Denver Broncos. Then the Chargers. Then, the Broncos again. And just like that, the little “fantasy” bubble began to bust. In fact, these same Chiefs lost five of their next seven games, the latest being to the Chargers last Sunday. Talk about up and down. The Chiefs were living in a fantasy world and it all came tumbling down, causing many to mentally eliminate the Chiefs from further contention. But is it over for the Chiefs? Now remember the Chiefs were 2-14 in 2013. And now they are in playoffs and have been there solidly for three weeks running. They didn’t need help from other teams, they clinched a spot and just waited. So, my point is that the “fantasy” continues, in spite of them losing the last third of the season. And last Sunday, they lost but they didn’t use twenty of the first twenty two starters. So, San Diego beat the second and third teamers of the Chiefs. Not Jamaal Charles or Tamba Hali or Derrick Johnson or Dwayne Bowe. So what’s the point? The most salient point is that the Chiefs are still pursuing the NFL Super Bowl game.. Even Carl Clark says let’s support the Chiefs “for the heck of it”. As always, that Paul Booker and Ike Gardner are non-supportive, believing that the Chiefs will lose their first round playoff game to Indianapolis Colts, just like they did a couple of weeks ago.And for sure, that will be “it” for Kansas City and its fantasy season. Hold up for a minute!. The Chiefs did put eight players on the All-Pro roster. And their coach, Andy Reid, will probably be Coach Of The Year. And some second teamers are going to playing a lot, come Sunday afternoon. Thereby, making the Chiefs even better prepared for the upcoming game. Bottom line, like the Jeffersons. . . the Chiefs are “moving on up”. They finally got a piece of the NFL pie. Now Ike will probably predict against the Chiefs. But you all know Ike. He was wrong eleven of sixteen times this year. That means he wasn’t right, most of the time, about the Chiefs. He is not the “Holy Grail” of predicting football games. So, let’s get behind our hometown team and maybe, just maybe….we can “move further on up” to the East side and take on New England and then onto the West side to take on Denver. Wait. Wait. Wait. I’ve drifted back into Fantasy Land. For right now, Chiefs over the Colts. (We hope)."
7097,"Monday Nite Footballers Predictions By Jim “Grand Dad” Nunnelly Predicting Since 1970 Eric Wesson Tracy Allen Pittsburgh by 7 Alexander, Hasselbeck won’t bust through Steel door! Super Bowl XL Pittsburg Steelers vs. Seattle Seahawks 5:00 p.m., WDAF TV 4 “Potpourri” Remember Franco Harris helped win four Super Bowls for Pittsburg, under Coach Chuck Noll. . . Paul Booker will spend his first Super Bowl confined. He is recovering from a major hip-replacement surgery and is now on a cane. . . Each member of Congress is allowed one guest to the State of the Union speech. Emanuel Cleaver gave that one ticket to his father, Tuesday night. . . The commercials are costly but impressive. Corporations will spend millions for the debut opportunity that only the Super Bowl brings. . . Look for Seattle to surprise folks and beat the Steelers. . . Much of the “hype” centers around Jerome Bettis, who is from Detroit and is nearing retirement…..Pittsburg had to beat the three top-seeded teams on the road to qualify for the Super Bowl. . . I predict that Super Bowl 40 will garner the least interest of any of the previous Super Bowls. . . Charles Allen Steelers by 7 The “Bus” is ready to stop Paul Booker Steelers by 7 Have “Bus”, will roll! Carl Clark Steelers by 4 Just a better team! Bubba Cleaver Steelers by 10 The “Bus” will drive home his point Ike Gardner Steelers by 6 Overwhelming defense will stop Alexander! Lloyd Greenfield Steelers by 7 The pressure of the day will defeat Seattle! Ollie Hubbard Steelers by 12 Alexander can’t run through Steel! Jim Nunnelly Seahawks by 7 Alexander and Hasselback combo Runs the “Bus” out of Detroit! Ed West Steelers by 10 Steelers ride the “Bus” Donna Stewart (Publisher) Pittsburgh by 3 Pittsburgh on a roll!"
